Date,DBc1,DPc1,DEBMc1,DEPMc1,DEBQc1,DEPQc1,DEBYc1,DEPYc1
2019-04-09,41.99,43.85,39.1,42.09,46.33,52.62,47.42,60.13
2019-04-10,44.74,46.01,39.67,42.27,48.21,54.14,46.47,61.96
2019-04-11,44.9,46.23,38.77,41.42,47.4,53.24,46.3,61.13
2019-04-12,41.42,40.77,38.89,41.46,47.29,53.35,44.4,61.22
2019-04-15,41.83,41.16,38.65,40.41,46.75,52.26,50.53,61.29
2019-04-16,40.81,41.76,38.57,40.12,45.98,51.68,49.86,60.73
2019-04-17,40.84,40.27,38.98,40.31,46.8,52.59,50.63,61.06
2019-04-18,33.84,30.32,39.29,40.42,46.18,51.62,50.28,60.8
2019-04-23,14.75,15.25,36.39,36.72,45.59,51.34,50.44,61.03
2019-04-24,39.31,40.03,36.84,37.24,45.35,50.75,49.95,60.5
2019-04-25,43.54,46.2,37.17,37.59,45.46,51.07,50.09,60.65
2019-04-26,31.99,32.54,37.12,37.73,44.95,50.52,49.21,59.66
2019-04-29,43.15,45.18,36.96,37.39,44.75,50.37,49.36,59.61
2019-04-30,25.47,18.69,38.35,41.82,44.38,50.0,49.33,59.35
2019-05-02,37.94,39.43,37.9,40.57,43.4,49.03,48.19,58.18
2019-05-03,39.51,39.57,38.26,41.18,43.31,49.0,48.38,58.27
2019-05-06,44.29,45.19,38.11,41.28,43.57,49.34,47.06,58.54
2019-05-07,39.47,40.14,39.12,42.11,44.0,49.87,48.97,59.35
2019-05-08,45.25,49.58,40.38,43.44,44.5,50.28,50.75,59.6
2019-05-09,44.79,44.98,39.98,43.07,44.78,50.55,47.14,59.8
2019-05-13,39.23,38.95,38.94,41.81,43.34,49.25,48.71,58.65
2019-05-14,40.85,41.53,38.91,41.65,42.65,48.65,48.24,58.19
2019-05-15,39.73,41.65,38.61,41.47,42.68,48.58,48.82,58.74
2019-05-16,42.95,44.98,39.09,41.99,42.7,48.37,49.06,58.93
2019-05-17,37.19,36.38,38.4,41.52,41.3,47.43,48.0,58.03
2019-05-20,46.29,51.45,38.41,41.53,40.83,46.68,47.89,57.81
2019-05-21,40.09,42.05,38.44,41.61,40.75,46.54,47.65,57.55
2019-05-22,40.67,40.38,38.08,40.97,41.7,47.59,48.75,58.36
2019-05-23,40.46,40.18,38.08,40.64,41.01,46.68,48.22,57.73
2019-05-24,36.68,35.14,38.09,40.65,40.9,46.62,48.15,57.6
2019-05-27,35.35,39.82,37.87,40.83,41.1,46.6,48.4,57.76
2019-05-28,41.76,44.91,37.96,41.02,40.99,46.61,48.34,57.65
2019-05-29,16.09,9.95,37.85,40.94,41.15,46.7,48.41,57.75
2019-05-30,35.81,36.05,37.84,40.9,40.59,46.27,47.9,57.33
2019-05-31,29.96,27.99,35.36,39.99,39.59,44.97,46.91,56.33
2019-06-03,36.9,40.09,33.48,38.94,38.72,44.34,47.76,55.72
2019-06-05,36.48,36.98,34.54,39.91,39.59,44.68,48.5,56.46
2019-06-06,37.61,36.46,33.95,39.82,38.98,44.28,46.8,56.27
2019-06-11,44.0,46.83,33.94,42.06,39.91,45.0,46.52,56.95
2019-06-12,38.51,36.59,33.42,41.44,39.02,44.2,43.93,56.23
2019-06-13,41.62,44.68,33.55,41.91,39.33,44.66,47.45,56.64
2019-06-14,30.58,29.18,33.29,41.29,38.91,44.29,47.17,56.5
2019-06-17,41.66,42.3,33.01,40.71,38.79,43.96,47.25,56.66
2019-06-18,41.2,43.25,33.29,41.22,38.71,43.86,47.3,56.59
2019-06-19,36.39,36.77,33.32,41.13,38.21,43.52,46.6,55.95
2019-06-20,38.69,38.62,33.17,41.18,37.79,43.05,46.52,56.01
2019-06-21,31.63,31.61,33.16,41.08,38.25,43.23,47.15,56.41
2019-06-24,34.47,36.38,32.72,40.52,39.13,43.91,48.65,57.9
2019-06-25,38.56,39.07,32.54,40.4,38.32,43.55,48.69,58.1
2019-06-26,33.26,34.92,32.27,40.45,38.4,43.56,49.09,58.54
2019-06-27,43.45,43.95,32.48,40.63,47.42,57.93,49.1,58.42
2019-06-28,34.0,35.0,32.34,41.77,46.93,57.32,48.8,58.07
2019-07-01,32.96,33.1,35.51,40.36,47.29,57.79,47.5,58.57
2019-07-02,34.66,34.63,36.62,41.37,47.38,57.84,48.7,58.4
2019-07-03,33.98,33.26,36.14,40.62,46.36,56.67,47.68,57.52
2019-07-05,29.76,28.52,36.82,41.1,47.4,57.11,49.2,58.3
2019-07-08,35.69,37.26,38.34,41.75,48.85,58.54,49.89,59.38
2019-07-10,45.91,50.51,38.83,42.14,49.6,59.63,46.35,59.8
2019-07-11,45.24,47.41,39.65,42.92,50.64,60.62,46.11,60.94
2019-07-15,41.56,42.86,41.7,44.73,52.59,62.88,52.75,62.47
2019-07-16,45.88,47.19,40.83,43.9,50.93,61.23,51.69,61.31
2019-07-17,43.93,44.59,41.07,43.92,50.36,60.88,51.35,61.07
2019-07-18,44.81,45.9,40.03,43.12,49.82,60.28,51.12,60.86
2019-07-19,35.09,33.28,40.03,43.41,50.81,61.16,52.25,61.8
2019-07-22,42.62,43.49,39.89,43.15,51.09,61.75,52.31,61.88
2019-07-23,50.64,53.87,39.83,43.45,51.57,62.08,53.12,62.28
2019-07-24,50.23,53.53,39.59,43.47,51.06,61.65,52.43,61.68
2019-07-25,44.5,46.87,39.84,43.49,50.82,61.39,52.24,61.64
2019-07-26,36.16,36.11,39.64,43.41,49.5,59.92,51.37,60.65
2019-07-29,45.5,49.16,39.48,43.28,49.0,59.34,51.5,60.66
2019-07-30,48.47,50.31,39.69,43.57,48.18,58.41,50.64,59.8
2019-07-31,44.66,44.56,39.62,43.63,48.21,58.5,50.9,59.93
2019-08-01,43.7,44.81,40.32,43.5,48.88,58.86,48.2,61.15
2019-08-02,36.37,35.13,40.15,43.7,49.41,59.43,47.47,61.15
2019-08-05,46.28,49.8,37.93,42.05,47.8,57.98,49.63,59.88
2019-08-07,34.72,33.62,35.6,41.37,46.66,56.65,50.07,59.22
2019-08-08,38.69,40.06,35.75,41.31,47.14,57.08,50.11,59.32
2019-08-13,38.77,38.83,36.62,41.84,46.04,56.01,49.1,58.36
2019-08-14,30.5,31.33,36.62,41.73,45.43,55.51,48.61,57.89
2019-08-15,35.69,37.64,36.63,41.62,45.0,54.93,48.3,57.62
2019-08-16,26.22,27.3,36.7,41.81,44.73,54.93,48.14,57.45
2019-08-19,34.43,33.46,36.17,40.43,44.75,54.66,48.44,57.6
2019-08-20,41.68,41.85,36.61,40.9,44.73,54.87,48.44,57.61
2019-08-21,36.31,36.51,36.6,40.81,44.5,54.11,48.01,57.28
2019-08-22,37.32,37.77,36.53,40.61,44.32,54.06,47.99,57.35
2019-08-23,32.29,31.51,36.37,40.76,43.3,53.13,46.95,56.3
2019-08-26,45.66,48.06,36.77,41.72,43.47,53.39,47.34,56.6
2019-08-27,50.83,55.32,36.98,42.0,42.91,52.58,46.58,55.69
2019-08-28,44.49,47.37,36.91,42.01,43.22,52.84,47.15,56.26
2019-08-29,41.34,41.58,36.9,41.87,43.51,53.03,47.28,56.29
2019-08-30,31.42,31.0,36.85,43.7,45.7,55.07,48.29,57.24
2019-09-04,31.72,32.21,35.86,40.56,44.34,53.26,49.06,56.12
2019-09-05,32.45,33.63,35.78,40.38,44.13,53.4,49.61,55.99
2019-09-09,45.51,49.85,36.88,40.7,44.25,53.18,47.6,56.29
2019-09-10,33.93,34.23,37.35,41.04,47.51,56.56,46.51,58.39
2019-09-12,39.02,42.14,36.94,40.57,48.14,58.08,43.45,58.98
2019-09-13,36.2,35.78,36.96,40.56,48.35,58.15,50.14,59.23
2019-09-16,47.15,53.06,37.92,42.13,49.31,59.13,51.38,60.37
2019-09-17,36.48,36.34,37.4,41.85,48.35,58.33,50.63,59.98
2019-09-18,43.78,46.63,36.6,40.95,46.22,55.75,49.32,58.27
2019-09-19,42.7,44.71,36.76,40.99,46.59,56.04,49.8,58.78
2019-09-20,34.65,34.9,36.88,41.3,46.38,55.91,50.35,59.39
2019-09-23,44.13,51.8,36.62,42.22,45.33,54.91,49.41,58.5
2019-09-24,46.74,52.81,35.97,41.9,45.12,54.82,49.13,58.24
2019-09-25,41.57,46.83,35.5,41.44,44.0,54.04,48.14,57.28
2019-09-26,38.44,42.6,35.32,41.48,44.24,54.22,48.29,57.5
2019-09-27,24.1,23.4,35.82,41.74,49.54,60.69,47.76,56.75
2019-09-30,22.1,30.23,35.75,41.6,49.48,60.48,47.91,56.93
2019-10-01,40.86,43.82,41.4,48.32,49.27,60.1,47.62,56.62
2019-10-04,36.89,40.36,40.33,48.6,48.17,59.02,50.98,55.35
2019-10-07,44.63,52.71,39.15,45.76,47.95,58.68,50.4,55.41
2019-10-09,30.46,33.2,37.7,44.92,48.27,58.99,49.55,55.55
2019-10-10,25.97,29.64,37.59,44.79,48.49,59.17,46.64,55.67
2019-10-14,35.56,47.07,37.79,45.79,49.65,60.1,47.8,56.84
2019-10-15,39.46,43.68,38.46,46.75,50.08,60.58,48.1,57.09
2019-10-16,43.77,51.24,38.7,46.52,50.5,60.92,48.72,57.54
2019-10-17,35.35,37.67,38.05,46.24,49.9,60.33,48.08,57.0
2019-10-18,33.09,36.82,38.06,46.19,50.0,60.5,48.24,57.06
2019-10-21,43.72,51.36,37.68,45.99,50.29,60.93,48.51,57.42
2019-10-22,43.52,49.98,37.22,45.87,49.25,59.94,47.45,56.45
2019-10-23,38.61,44.09,37.26,45.58,48.54,58.85,46.99,55.8
2019-10-24,36.11,41.78,37.35,45.67,48.25,58.85,47.05,56.0
2019-10-25,20.21,21.2,37.15,46.09,47.8,58.76,46.66,55.82
2019-10-28,42.44,49.72,36.95,46.03,46.99,57.74,46.37,55.31
2019-10-29,48.02,54.45,36.95,46.06,47.32,57.95,46.64,55.57
2019-10-30,42.63,46.53,36.94,46.02,47.52,58.05,46.6,55.37
2019-10-31,32.27,34.59,41.65,52.41,47.06,57.61,46.26,55.08
2019-11-01,27.48,30.12,42.64,53.03,47.39,57.97,48.35,55.24
2019-11-04,38.7,46.4,41.79,51.5,47.13,57.45,50.32,55.0
2019-11-06,42.72,47.45,41.87,51.94,47.15,57.63,47.53,55.23
2019-11-07,47.12,55.14,41.34,51.12,46.55,56.9,51.49,54.93
2019-11-11,41.11,46.29,43.7,52.76,46.13,56.56,45.94,54.78
2019-11-12,47.08,55.22,42.77,52.49,45.35,55.74,42.95,53.95
2019-11-13,45.32,51.1,42.02,51.64,45.7,55.88,45.26,53.85
2019-11-14,45.32,51.1,41.86,50.91,45.7,55.78,45.05,53.67
2019-11-15,37.9,41.94,41.5,50.83,45.79,55.81,45.24,53.84
2019-11-18,41.36,49.68,40.88,50.4,45.0,55.27,44.83,53.44
2019-11-19,46.49,56.21,40.95,50.42,44.77,55.08,44.81,53.46
2019-11-20,53.25,62.41,40.48,49.77,44.98,54.94,44.96,53.63
2019-11-21,50.09,58.18,40.47,49.87,45.39,55.49,45.35,54.09
2019-11-22,43.58,48.88,40.79,50.52,46.49,56.33,46.19,54.76
2019-11-25,51.12,58.77,40.81,50.19,46.36,56.43,46.17,54.95
2019-11-26,47.36,53.62,40.88,50.0,45.5,55.67,45.41,54.31
2019-11-27,39.5,44.33,40.88,50.12,46.39,56.38,46.11,54.76
2019-11-28,30.49,38.17,40.98,50.31,46.37,56.63,45.93,54.71
2019-11-29,40.08,47.56,41.0,47.91,46.14,56.31,45.49,54.29
2019-12-02,46.18,50.57,36.46,45.5,44.86,55.08,46.17,53.52
2019-12-03,51.36,59.22,36.31,45.33,44.34,54.62,48.05,53.08
2019-12-04,47.94,54.68,34.97,44.03,44.41,54.65,50.49,53.23
2019-12-06,31.1,37.83,32.91,42.16,43.64,53.85,46.85,52.58
2019-12-09,23.37,39.71,30.59,41.39,42.77,52.87,49.67,52.14
2019-12-11,38.12,50.5,30.38,41.88,42.37,52.47,45.15,51.6
2019-12-12,44.62,50.46,30.0,41.6,42.5,52.26,42.98,51.62
2019-12-13,36.53,43.96,30.25,41.79,42.5,52.16,42.94,51.38
2019-12-16,40.84,46.05,30.52,41.34,41.85,51.74,42.41,50.94
2019-12-17,36.72,40.93,31.38,41.34,42.65,52.36,42.98,51.31
2019-12-18,40.2,48.11,32.1,41.64,42.84,52.67,43.1,51.55
2019-12-19,34.65,39.06,32.02,41.66,43.09,53.29,43.33,51.83
2019-12-20,29.41,32.22,31.71,41.27,42.19,52.11,42.77,51.2
2019-12-23,24.5,36.35,31.49,41.63,40.4,50.53,41.93,50.67
2019-12-27,37.82,42.64,31.76,42.45,39.57,49.24,41.33,49.95
2019-12-30,25.57,32.52,31.97,42.85,36.53,42.26,44.66,53.93
2020-01-06,38.13,43.98,36.93,45.05,36.0,41.4,36.33,53.83
2020-01-07,40.52,48.04,36.27,44.63,35.81,41.12,41.6,53.7
2020-01-09,36.25,39.11,35.61,43.68,36.09,41.3,42.02,54.45
2020-01-10,34.8,37.11,35.18,43.25,35.8,41.17,40.81,54.01
2020-01-13,37.68,46.76,34.96,43.46,35.69,41.08,45.14,54.39
2020-01-14,23.36,29.89,33.79,42.19,34.73,39.83,44.08,53.35
2020-01-15,24.96,30.25,33.53,41.66,34.52,39.48,44.1,53.23
2020-01-16,38.17,44.04,33.27,41.5,34.33,39.4,43.8,53.09
2020-01-17,36.9,42.68,33.96,41.98,34.71,39.48,43.66,52.98
2020-01-20,44.53,50.32,33.77,41.28,34.24,38.91,42.87,52.27
2020-01-21,41.6,46.59,34.25,41.26,34.51,39.15,42.83,51.93
2020-01-22,45.9,52.44,34.56,41.63,34.77,39.29,43.09,52.22
2020-01-23,51.54,59.21,34.94,42.07,34.33,38.76,41.89,50.91
2020-01-24,50.24,58.86,35.29,42.35,34.45,38.8,41.86,50.82
2020-01-27,37.49,43.42,35.02,42.17,34.68,39.06,41.87,50.76
2020-01-28,31.61,36.01,35.26,42.66,35.01,39.26,42.11,51.08
2020-01-29,33.22,39.32,35.15,42.65,34.47,38.87,41.86,50.65
2020-01-30,32.82,38.7,35.03,42.53,33.51,37.93,41.2,49.95
2020-01-31,22.48,32.88,31.0,40.78,33.47,37.76,40.95,49.75
2020-02-03,27.66,33.98,29.03,38.64,32.55,37.04,39.92,48.75
2020-02-04,27.88,32.55,28.48,37.01,32.67,37.11,35.35,49.02
2020-02-06,36.92,41.93,27.91,36.32,32.62,36.85,37.43,49.38
2020-02-07,36.69,40.3,26.75,35.76,32.48,36.87,41.49,49.63
2020-02-10,7.88,16.21,22.98,30.89,31.42,35.93,40.31,48.98
2020-02-11,11.62,16.05,23.74,32.85,31.93,36.28,37.06,49.55
2020-02-12,19.46,24.22,24.13,33.64,32.36,36.77,42.68,50.56
2020-02-13,37.59,41.96,24.02,33.68,32.51,36.85,42.28,51.03
2020-02-14,36.03,42.29,23.36,33.68,32.86,37.27,42.49,51.35
2020-02-17,18.25,32.6,21.77,32.39,32.92,37.31,43.13,51.94
2020-02-18,21.87,23.53,21.77,32.18,33.21,37.7,43.09,52.02
2020-02-19,30.91,34.33,21.96,32.38,33.06,37.39,42.87,51.65
2020-02-20,28.68,32.56,21.93,32.28,33.12,37.44,42.7,51.51
2020-02-21,24.33,30.2,21.86,32.47,32.92,37.36,42.18,50.98
2020-02-24,28.49,39.66,22.18,33.27,31.81,36.67,41.23,50.25
2020-02-25,24.1,28.82,22.04,33.21,31.45,35.88,40.99,49.97
2020-02-26,31.67,34.5,22.15,33.35,30.87,35.26,40.75,49.36
2020-02-27,38.44,44.99,22.0,33.3,30.5,34.77,40.32,49.07
2020-02-28,31.04,33.82,21.92,37.0,30.12,34.33,39.79,48.66
2020-03-02,33.18,38.84,29.11,36.43,29.9,34.47,40.19,48.75
2020-03-03,36.25,41.16,28.76,35.91,30.43,34.8,40.68,49.38
2020-03-04,39.61,45.93,27.67,34.72,30.32,34.79,35.84,49.47
2020-03-06,30.48,34.19,28.2,35.22,30.21,34.58,38.01,49.21
2020-03-09,37.11,43.23,29.53,36.57,29.71,34.28,42.4,47.77
2020-03-11,22.69,30.65,28.98,35.22,31.35,35.65,37.69,48.95
2020-03-12,12.24,14.02,28.74,34.72,31.03,35.4,42.33,48.03
2020-03-13,16.54,14.33,28.62,34.63,30.58,34.71,38.98,48.04
2020-03-16,31.19,34.17,24.84,31.8,27.71,31.78,37.46,46.46
2020-03-17,28.18,28.92,24.4,30.68,26.11,30.09,36.27,45.26
2020-03-18,26.42,26.81,23.56,29.82,23.86,27.94,34.28,43.12
2020-03-19,28.69,29.86,23.43,29.9,23.22,27.05,34.35,43.3
2020-03-20,25.14,26.01,23.08,29.48,22.73,26.55,34.65,43.75
2020-03-23,16.98,17.51,22.28,28.48,21.01,24.54,33.65,42.57
2020-03-24,20.45,20.04,22.45,28.44,21.8,25.3,34.9,43.74
2020-03-25,23.06,23.55,22.4,28.42,21.33,25.13,35.0,44.08
2020-03-26,22.23,22.19,22.24,28.47,20.92,24.48,35.62,44.51
2020-03-27,21.55,20.93,22.26,28.54,19.99,23.42,34.55,43.5
2020-03-30,23.32,23.13,22.49,28.61,26.84,31.81,34.72,43.6
2020-03-31,25.17,24.51,17.06,18.97,27.63,32.46,35.65,44.41
2020-04-02,19.95,16.31,16.39,18.34,26.86,31.68,40.49,44.09
2020-04-03,22.53,21.59,16.18,18.25,27.22,31.82,40.84,44.74
2020-04-06,17.34,18.61,18.21,19.78,29.29,33.66,37.89,46.92
2020-04-08,26.51,25.39,19.12,20.13,30.5,35.22,39.42,47.76
2020-04-09,23.51,21.95,19.82,20.71,30.86,35.63,42.1,47.93
2020-04-14,19.9,21.72,18.6,17.91,29.69,34.6,37.59,46.76
2020-04-15,20.17,16.87,18.03,17.23,28.37,33.22,36.69,45.71
2020-04-16,25.32,23.33,18.3,17.31,31.9,35.95,38.49,47.4
2020-04-17,27.77,27.61,18.51,17.32,33.46,37.24,39.6,48.63
2020-04-20,2.44,19.29,16.73,14.25,33.01,37.31,38.78,47.79
2020-04-22,7.88,3.11,17.11,13.87,33.01,37.26,38.39,47.52
2020-04-23,27.76,24.83,17.93,14.32,32.57,37.08,37.76,46.91
2020-04-24,20.65,17.81,17.68,15.01,32.5,37.72,37.45,46.72
2020-04-27,25.5,24.57,17.17,14.63,31.56,36.81,36.6,45.87
2020-04-28,25.06,26.62,17.04,14.43,31.68,36.54,37.09,46.27
2020-04-29,23.05,24.07,17.09,14.51,31.26,36.33,36.85,46.07
2020-04-30,20.0,20.19,20.15,22.77,30.36,35.5,36.29,45.48
2020-05-05,21.72,21.05,19.4,21.43,29.32,34.45,36.04,45.17
2020-05-06,21.49,20.59,19.36,21.48,29.37,34.28,39.15,45.03
2020-05-08,23.78,21.67,18.98,21.21,30.32,34.69,40.04,46.04
2020-05-11,14.07,16.36,19.95,21.91,29.99,34.7,38.98,45.87
2020-05-13,29.76,33.5,19.35,22.05,28.31,33.58,35.35,44.71
2020-05-14,22.79,23.59,19.53,21.87,28.65,33.2,35.57,44.71
2020-05-15,21.08,21.27,19.7,22.02,29.45,33.87,36.21,45.4
2020-05-18,19.74,18.79,19.56,22.01,29.59,34.35,36.59,45.76
2020-05-19,23.69,23.07,19.59,22.13,29.29,34.03,36.74,45.99
2020-05-20,32.05,31.29,19.01,21.92,29.3,34.07,37.25,46.45
2020-05-21,19.58,17.07,18.99,22.09,29.05,33.81,37.03,46.25
2020-05-22,18.83,18.66,18.99,21.99,28.52,33.3,36.63,45.83
2020-05-25,18.63,19.13,18.11,21.61,29.3,33.76,37.62,46.63
2020-05-26,27.43,25.79,17.85,21.45,29.52,33.98,38.05,47.28
2020-05-27,22.9,22.22,17.75,21.43,28.53,33.18,37.39,46.63
2020-05-28,20.41,20.0,17.73,21.45,27.92,32.72,36.83,46.05
2020-05-29,22.69,21.99,17.72,24.48,27.92,32.85,36.85,46.02
2020-06-01,6.07,0.01,20.67,24.34,27.18,32.51,44.55,45.65
2020-06-02,28.34,27.39,22.17,25.38,28.65,33.26,40.68,46.51
2020-06-03,28.84,29.15,24.3,27.8,30.54,34.71,40.19,47.1
2020-06-04,26.55,29.89,24.87,29.35,30.84,34.69,37.95,47.03
2020-06-05,24.3,27.59,26.76,30.25,32.18,36.12,35.86,48.18
2020-06-08,31.37,34.02,27.58,31.16,32.84,36.98,40.69,48.45
2020-06-10,31.36,35.25,26.65,30.77,31.3,35.78,40.95,47.62
2020-06-11,24.06,24.59,26.15,30.61,30.8,35.48,38.88,47.33
2020-06-15,31.05,34.6,25.85,30.72,30.55,35.34,37.52,46.8
2020-06-16,34.12,37.44,26.69,31.48,31.96,36.48,38.84,48.0
2020-06-17,37.24,40.22,26.32,31.17,31.29,36.19,38.34,47.47
2020-06-18,31.8,34.76,26.73,31.27,32.0,36.77,39.24,48.41
2020-06-19,29.85,31.07,26.86,31.2,32.48,37.35,39.72,49.09
2020-06-22,29.58,30.65,26.92,30.98,32.21,37.12,39.75,49.07
2020-06-23,32.74,32.65,27.23,31.39,33.39,37.84,40.7,49.98
2020-06-24,35.57,36.77,26.93,31.09,33.78,38.56,40.86,50.19
2020-06-25,34.45,36.34,26.79,31.09,33.06,37.89,40.07,49.43
2020-06-26,34.8,36.53,26.46,30.55,33.1,37.99,40.11,49.63
2020-06-29,27.48,29.52,26.18,30.09,38.9,49.64,40.37,49.63
2020-06-30,18.35,11.02,32.08,37.01,39.96,50.83,41.64,50.85
2020-07-01,32.39,33.02,31.41,36.44,40.14,50.88,44.51,51.06
2020-07-02,38.91,41.08,30.94,36.19,40.1,51.1,40.95,50.93
2020-07-07,31.9,30.64,33.12,38.27,42.12,52.83,43.41,52.85
2020-07-08,41.21,44.82,32.76,38.2,41.35,52.12,40.24,52.17
2020-07-09,42.42,44.93,32.47,38.06,41.19,52.13,41.34,52.09
2020-07-10,36.62,37.11,31.37,36.99,40.11,51.05,41.41,51.16
2020-07-13,34.18,35.55,32.59,38.21,41.45,52.74,43.13,52.56
2020-07-14,36.76,38.41,31.74,37.84,40.29,51.56,42.18,51.46
2020-07-15,41.71,45.8,31.99,37.7,40.85,52.27,42.8,52.15
2020-07-16,44.45,49.87,31.37,37.16,40.05,51.5,42.13,51.57
2020-07-17,37.58,39.37,31.29,36.97,39.0,50.34,41.09,50.4
2020-07-20,32.96,32.44,30.63,35.53,37.37,48.68,40.0,49.31
2020-07-21,31.71,29.9,30.17,35.14,37.2,48.48,39.95,49.12
2020-07-22,34.35,34.62,30.36,35.38,37.26,48.0,40.15,49.37
2020-07-23,35.69,34.73,30.8,35.51,37.81,48.51,40.54,49.82
2020-07-24,31.16,31.84,30.48,35.28,36.9,48.02,39.78,49.01
2020-07-27,32.53,35.25,29.81,34.05,35.78,46.5,38.7,47.88
2020-07-28,22.97,20.5,29.87,34.05,35.78,46.46,38.72,47.74
2020-07-29,20.75,12.26,30.02,34.21,36.76,47.14,39.59,48.61
2020-07-30,35.62,34.12,30.06,34.28,36.49,47.33,38.82,47.99
2020-07-31,38.51,38.26,33.53,37.58,37.33,47.57,39.1,48.17
2020-08-04,36.39,39.8,34.14,38.91,38.12,48.5,38.52,48.43
2020-08-05,29.61,28.37,33.85,38.21,38.42,48.79,37.0,49.15
2020-08-06,33.28,34.23,34.24,38.61,39.1,49.13,39.23,49.67
2020-08-07,35.98,36.63,34.15,38.49,38.52,48.7,42.71,49.18
2020-08-10,36.98,39.83,33.22,37.52,38.23,48.63,41.59,49.56
2020-08-12,35.86,39.5,31.67,36.96,36.69,46.78,43.01,48.26
2020-08-13,38.59,41.91,32.5,37.54,36.79,46.45,39.5,48.5
2020-08-14,40.83,44.65,32.04,37.54,36.36,46.0,38.79,47.61
2020-08-17,40.36,43.98,33.66,38.84,37.46,46.65,39.25,48.09
2020-08-18,42.39,44.39,33.65,38.74,38.23,47.42,39.9,48.58
2020-08-19,38.23,39.31,33.45,38.58,38.03,47.35,39.75,48.44
2020-08-20,38.11,41.18,33.05,38.19,37.76,47.2,39.58,48.11
2020-08-21,31.81,32.09,32.79,38.04,37.17,46.57,38.95,47.55
2020-08-24,44.72,48.84,33.09,38.07,38.71,48.1,40.2,48.72
2020-08-25,38.46,40.84,33.92,39.06,39.91,49.15,41.38,49.76
2020-08-26,17.89,17.5,34.57,39.91,41.0,50.47,41.79,50.34
2020-08-27,46.31,51.51,34.59,39.84,40.63,50.37,41.64,50.24
2020-08-28,40.7,43.01,34.7,40.03,42.52,52.65,42.64,51.36
2020-08-31,54.04,64.86,34.86,40.54,41.52,52.11,41.88,50.82
2020-09-01,49.81,54.72,39.21,45.55,41.68,51.84,45.15,50.84
2020-09-03,40.54,41.23,39.88,46.08,41.88,51.82,39.0,51.1
2020-09-04,38.32,41.12,39.94,46.4,41.83,51.98,38.65,51.15
2020-09-07,43.54,47.8,40.99,46.52,41.2,51.26,42.67,50.29
2020-09-09,36.63,36.92,40.22,45.66,40.2,50.5,40.92,49.65
2020-09-10,47.34,52.72,40.83,46.53,40.33,50.55,41.0,49.98
2020-09-11,47.81,48.49,40.75,47.1,40.11,50.38,39.57,49.88
2020-09-14,53.11,58.53,42.87,49.74,41.76,51.66,42.6,51.23
2020-09-15,70.2,81.32,42.88,50.63,42.0,52.18,43.07,51.81
2020-09-16,53.41,57.03,42.99,51.14,41.48,51.76,42.5,51.35
2020-09-17,46.4,50.39,41.8,49.7,40.79,51.19,42.4,51.1
2020-09-18,42.13,43.82,41.72,49.6,40.34,50.8,41.82,50.53
2020-09-21,61.1,70.97,42.55,50.27,39.55,50.49,40.97,49.73
2020-09-22,53.31,56.96,42.04,50.19,39.44,49.83,40.81,49.44
2020-09-23,46.43,49.62,42.81,50.61,40.16,50.52,41.21,49.96
2020-09-24,38.18,41.24,43.0,51.32,39.69,50.19,40.8,49.5
2020-09-25,41.37,45.6,43.59,52.1,39.57,50.03,40.59,49.29
2020-09-28,47.26,54.44,43.62,52.18,39.76,50.13,40.96,49.55
2020-09-29,58.62,69.74,43.69,52.31,43.47,54.36,41.82,50.48
2020-09-30,50.25,55.69,37.43,47.63,42.71,53.4,41.36,49.88
2020-10-01,41.02,44.08,37.86,48.14,42.05,52.86,44.9,49.39
2020-10-02,35.68,41.15,37.51,47.8,41.36,51.84,40.25,48.77
2020-10-06,34.45,39.67,37.45,47.36,41.94,52.71,38.43,49.37
2020-10-07,36.62,42.39,37.75,47.88,42.42,53.32,41.74,49.96
2020-10-08,29.83,33.55,37.35,47.54,42.68,53.4,40.54,50.05
2020-10-09,39.97,46.59,37.22,47.42,41.94,52.72,41.26,49.43
2020-10-12,46.9,55.12,35.66,45.07,40.4,51.26,44.42,48.5
2020-10-13,45.23,52.37,35.91,44.96,40.25,50.96,39.97,48.44
2020-10-14,35.67,37.85,36.14,45.13,40.62,51.0,40.23,48.75
2020-10-15,40.94,47.41,35.11,44.09,40.14,50.66,39.67,48.09
2020-10-16,46.94,53.25,34.91,43.99,40.34,50.82,39.75,48.19
2020-10-19,44.64,50.88,35.03,43.75,40.29,50.39,39.63,48.1
2020-10-20,35.22,38.84,34.97,43.49,39.84,49.73,39.41,47.89
2020-10-21,32.61,35.73,34.68,43.93,39.29,49.49,38.77,47.2
2020-10-22,32.39,41.35,34.91,44.24,39.36,49.62,38.74,47.21
2020-10-23,44.78,52.47,34.4,43.75,40.39,50.23,39.85,48.18
2020-10-26,38.27,47.25,34.14,43.67,39.68,49.79,39.39,47.73
2020-10-27,34.61,40.32,34.09,43.74,38.1,48.43,38.36,46.68
2020-10-28,29.94,39.93,34.16,43.68,37.17,47.31,37.76,46.03
2020-10-29,32.65,39.71,33.96,43.53,36.68,46.56,37.5,45.57
2020-10-30,30.19,37.28,33.97,45.92,36.25,46.29,37.4,45.53
2020-11-02,23.4,32.67,35.7,45.07,35.94,45.85,40.98,45.12
2020-11-03,35.74,41.86,35.33,44.77,36.57,46.5,39.99,45.98
2020-11-05,38.66,41.97,36.04,44.57,38.77,47.77,36.67,47.08
2020-11-06,40.54,45.29,36.59,45.21,38.67,47.85,38.08,46.96
2020-11-09,44.88,51.75,35.55,44.86,38.98,47.99,41.19,47.6
2020-11-11,45.06,51.3,33.65,44.27,38.51,47.68,39.79,47.95
2020-11-12,40.96,45.94,33.81,44.36,37.92,47.1,44.57,47.03
2020-11-13,40.73,46.16,33.96,44.4,38.41,47.33,39.3,47.22
2020-11-16,28.49,40.7,35.59,45.63,39.23,48.13,40.04,48.0
2020-11-17,38.89,44.01,35.35,45.65,38.64,47.72,39.71,47.72
2020-11-18,36.36,43.32,35.36,45.83,38.51,47.64,39.65,47.63
2020-11-19,26.39,34.77,35.32,45.42,37.36,46.54,38.84,46.95
2020-11-20,43.26,49.82,35.24,45.58,36.17,45.42,38.3,46.35
2020-11-23,43.63,49.74,37.97,47.61,37.71,47.06,39.31,47.3
2020-11-24,42.03,47.32,38.14,48.36,38.3,47.5,39.71,47.73
2020-11-25,46.87,53.82,38.54,48.95,39.97,49.08,40.8,48.83
2020-11-26,56.55,68.51,38.85,49.64,40.72,50.24,40.95,49.1
2020-11-27,64.73,79.35,38.85,49.39,41.48,51.51,41.33,49.77
2020-11-30,52.22,59.86,38.79,49.11,44.36,55.14,42.69,51.02
2020-12-02,73.99,95.4,43.86,55.52,43.54,54.35,41.9,51.16
2020-12-03,48.0,56.02,45.22,57.46,43.22,54.54,39.17,51.03
2020-12-08,61.08,74.64,45.1,57.75,43.86,55.38,39.35,51.52
2020-12-10,69.39,92.16,45.21,56.93,45.58,56.9,40.04,53.1
2020-12-11,45.8,53.54,43.93,55.65,45.33,56.55,38.95,53.21
2020-12-14,42.99,49.7,45.07,55.91,47.38,58.49,46.13,54.93
2020-12-15,50.4,59.03,46.0,56.22,48.49,60.01,46.59,55.64
2020-12-16,50.06,57.26,46.44,57.15,47.4,58.95,45.83,54.78
2020-12-17,44.58,49.94,44.8,55.41,46.02,57.12,45.02,53.68
2020-12-18,42.51,46.99,43.21,54.13,45.28,55.89,44.47,53.1
2020-12-21,38.78,47.99,44.01,56.3,47.21,57.99,45.2,54.15
2020-12-22,27.69,40.5,43.84,56.02,49.49,61.44,46.94,55.92
2020-12-23,43.9,51.52,43.6,56.16,49.97,61.91,47.29,56.32
2020-12-24,24.33,34.34,43.6,56.16,49.97,61.91,47.29,56.32
2020-12-28,39.21,52.41,43.09,56.93,53.81,67.24,49.32,59.05
2020-12-29,46.21,53.73,43.45,57.72,51.85,64.33,48.15,57.54
2020-12-30,47.07,54.81,43.52,57.87,43.72,49.02,49.8,60.0
2020-12-31,46.7,52.93,54.53,70.93,43.72,49.02,49.8,60.0
2021-01-04,48.02,59.74,52.98,67.67,44.89,50.0,57.08,61.0
2021-01-06,52.68,58.11,49.93,63.17,42.79,48.08,64.84,59.77
2021-01-07,70.93,87.03,52.88,66.56,44.58,49.63,73.89,60.6
2021-01-11,48.15,52.85,56.58,70.32,45.48,50.98,104.18,60.55
2021-01-12,46.1,58.01,59.23,73.07,47.05,52.93,142.96,61.8
2021-01-13,42.47,46.75,55.19,68.66,45.43,51.09,50.33,60.52
2021-01-14,70.58,88.38,53.99,66.22,44.71,50.17,50.3,60.43
2021-01-15,72.89,87.84,51.69,63.26,43.04,48.51,48.73,58.93
2021-01-18,55.95,62.38,50.73,61.67,42.15,47.56,48.47,58.78
2021-01-19,44.95,52.47,50.49,61.85,43.28,48.52,49.38,59.66
2021-01-20,36.28,41.85,51.07,62.14,43.63,48.89,49.96,60.27
2021-01-21,30.07,38.99,51.93,63.05,43.99,49.24,50.5,60.79
2021-01-22,42.53,54.59,52.56,63.87,44.85,50.15,50.78,61.05
2021-01-25,60.84,70.5,52.68,63.53,43.87,49.03,50.15,60.28
2021-01-26,61.37,69.83,52.72,63.5,42.67,47.9,49.09,59.35
2021-01-27,57.99,66.35,52.61,63.21,42.69,47.9,48.81,59.06
2021-01-28,55.31,61.74,52.7,63.25,44.19,49.36,49.87,60.0
2021-01-29,49.68,55.22,52.74,66.67,43.95,49.12,49.69,59.87
2021-02-02,54.62,61.49,49.14,61.7,43.68,48.63,50.2,60.25
2021-02-03,44.53,51.08,48.27,59.92,44.82,49.97,52.44,61.68
2021-02-08,43.52,57.11,55.66,68.01,47.62,52.72,76.84,64.0
2021-02-09,64.32,75.28,55.51,68.14,47.39,52.49,89.66,63.69
2021-02-11,79.3,96.75,53.83,66.76,46.69,51.85,108.4,63.13
2021-02-12,62.13,69.95,53.19,66.14,46.74,51.97,146.16,62.68
2021-02-15,50.75,57.78,49.88,61.83,46.18,51.51,52.72,62.97
2021-02-16,52.43,57.78,49.13,60.95,45.88,50.96,52.72,63.0
2021-02-17,49.67,55.27,48.85,60.85,45.32,50.28,52.2,62.58
2021-02-18,45.4,49.09,49.45,61.2,45.35,50.36,52.3,62.58
2021-02-19,47.71,53.34,49.26,61.26,45.26,50.46,52.25,62.52
2021-02-22,49.9,54.64,48.45,60.05,43.65,48.54,51.5,61.6
2021-02-23,45.58,48.99,48.49,60.18,44.0,48.96,51.7,62.05
2021-02-24,38.13,44.58,48.86,60.32,44.39,49.23,52.62,62.95
2021-02-25,46.16,49.53,48.66,60.12,44.37,49.38,52.99,63.19
2021-02-26,47.63,48.67,48.73,51.42,43.43,48.45,52.31,62.47
2021-03-02,53.5,55.91,42.72,49.45,43.36,48.43,51.52,62.43
2021-03-03,51.91,52.93,42.35,49.51,42.7,47.79,51.95,62.05
2021-03-05,53.6,56.96,43.22,49.52,44.41,49.07,60.91,63.24
2021-03-08,61.61,68.72,42.25,50.23,44.55,49.37,76.1,63.35
2021-03-09,60.92,67.54,43.17,51.19,46.21,51.13,89.92,64.27
2021-03-11,27.43,37.68,45.64,53.51,48.13,53.18,116.5,65.56
2021-03-12,22.29,20.95,46.2,53.65,48.98,53.89,150.05,66.03
2021-03-15,49.28,52.37,47.2,54.63,48.87,54.22,55.98,66.08
2021-03-16,56.01,60.74,46.71,53.95,47.4,52.89,55.1,65.1
2021-03-17,57.65,61.25,48.23,55.43,47.95,53.43,55.45,65.48
2021-03-18,64.86,72.49,48.25,55.66,48.51,53.81,56.18,66.1
2021-03-19,56.45,54.02,47.58,55.36,47.56,52.97,55.41,65.36
2021-03-22,60.48,64.54,47.32,55.19,49.0,54.18,56.52,66.6
2021-03-23,62.33,65.57,47.42,55.07,48.58,53.73,56.11,66.16
2021-03-24,55.54,54.86,46.72,54.49,48.62,53.93,55.93,65.95
2021-03-25,58.85,59.39,47.04,54.98,48.33,53.76,55.23,65.38
2021-03-26,51.37,49.04,47.28,55.13,49.69,55.07,56.21,66.27
2021-03-29,40.81,38.24,47.17,55.01,49.07,54.28,56.13,66.14
2021-03-30,55.73,53.37,47.16,55.11,54.51,60.5,56.5,66.55
2021-03-31,58.72,57.89,47.19,49.32,54.95,60.89,56.78,66.92
2021-04-01,52.29,49.89,47.67,49.42,55.42,61.49,50.92,67.23
2021-04-06,35.38,33.45,48.15,48.82,56.52,62.2,62.97,68.19
2021-04-08,57.58,61.37,48.0,50.71,55.76,61.97,76.58,67.4
2021-04-13,57.52,52.9,51.94,53.29,57.03,63.11,57.5,67.53
2021-04-14,69.49,68.88,51.7,53.28,56.45,62.75,56.42,66.5
2021-04-15,66.98,65.68,52.94,54.15,57.76,64.05,57.34,67.43
2021-04-16,63.04,63.54,53.94,54.77,58.61,64.5,57.79,67.97
2021-04-19,75.67,78.75,53.0,53.2,58.98,65.21,57.96,68.14
2021-04-20,75.77,73.52,53.27,53.19,58.36,64.52,57.63,67.73
2021-04-21,59.88,52.4,53.4,52.65,58.93,65.0,58.05,68.17
2021-04-22,45.9,31.5,54.26,53.37,60.1,66.35,59.11,69.4
2021-04-23,61.73,55.0,54.29,53.54,58.69,64.73,58.25,68.38
2021-04-26,61.92,60.29,53.43,52.67,59.0,65.27,58.26,68.3
2021-04-27,59.51,57.81,53.56,53.02,60.53,66.58,58.83,68.87
2021-04-28,61.72,61.39,53.54,53.02,60.76,66.8,58.72,68.92
2021-04-29,59.44,59.13,53.61,53.04,61.83,67.73,59.56,69.5
2021-04-30,69.15,70.47,54.63,57.5,62.85,68.83,60.12,70.13
2021-05-03,62.43,61.33,52.89,56.5,64.06,70.18,53.21,71.13
2021-05-05,31.81,19.86,53.14,56.69,63.86,69.99,60.78,70.88
2021-05-07,71.3,68.74,54.26,58.67,64.5,70.87,74.94,72.55
2021-05-10,57.46,58.51,55.67,59.4,67.0,73.23,160.18,74.8
2021-05-11,72.17,74.43,55.07,58.99,67.75,73.91,114.5,75.86
2021-05-13,62.74,58.62,57.14,61.0,68.59,74.75,66.75,76.9
2021-05-14,71.8,69.29,57.33,61.46,70.76,76.99,68.64,78.94
2021-05-17,73.7,76.74,55.64,62.91,70.7,76.93,68.43,78.69
2021-05-18,74.18,74.78,54.66,62.03,67.84,74.68,66.21,76.81
2021-05-19,77.71,77.93,53.26,59.87,61.97,69.11,60.67,71.5
2021-05-20,69.99,69.0,53.0,59.63,65.71,71.61,63.82,74.43
2021-05-21,31.34,25.43,52.95,59.33,66.42,72.75,64.34,74.77
2021-05-24,31.65,26.46,53.42,59.42,66.34,72.35,64.2,74.6
2021-05-25,59.78,59.14,53.78,60.16,67.41,73.61,64.97,75.47
2021-05-26,65.61,66.54,54.39,60.73,69.88,76.0,66.21,77.0
2021-05-27,71.77,73.45,54.02,60.51,67.39,74.14,64.24,75.05
2021-05-28,73.6,73.58,53.53,60.47,67.12,73.41,63.96,74.3
2021-05-31,67.46,65.77,53.35,60.21,67.06,73.38,63.52,74.05
2021-06-01,68.25,67.72,66.42,71.28,69.23,75.46,49.6,75.58
2021-06-04,71.8,73.53,65.06,71.18,67.82,73.45,58.15,73.46
2021-06-07,77.34,81.53,67.71,73.58,69.11,76.15,72.62,74.37
2021-06-08,76.92,78.17,68.76,74.76,71.83,77.91,79.03,75.97
2021-06-09,76.74,77.38,68.64,74.65,73.24,79.55,90.93,76.53
2021-06-10,78.83,78.91,69.76,75.75,73.99,80.24,137.9,77.32
2021-06-14,74.22,71.27,70.1,76.98,74.07,80.83,66.74,77.79
2021-06-15,82.61,83.61,69.17,76.44,71.98,78.81,65.3,76.24
2021-06-16,85.0,88.53,69.92,76.9,72.66,79.23,65.84,76.79
2021-06-17,77.51,77.66,69.37,77.08,71.38,78.23,64.9,76.13
2021-06-18,80.12,81.02,71.35,78.18,73.23,79.84,66.02,77.05
2021-06-21,77.63,81.58,71.89,79.45,74.34,81.09,67.01,78.05
2021-06-22,84.59,89.61,73.2,81.05,76.12,82.86,67.63,78.73
2021-06-23,92.84,97.77,73.56,81.46,78.49,85.11,69.18,80.21
2021-06-24,94.83,100.11,74.0,81.88,79.37,86.63,69.69,80.8
2021-06-25,89.73,91.2,74.28,81.95,81.04,88.2,69.7,80.79
2021-06-28,88.73,90.93,73.99,82.0,80.91,88.01,69.89,81.13
2021-06-29,91.65,97.38,74.08,82.21,84.38,99.25,71.18,82.37
2021-06-30,92.38,98.42,85.16,92.85,86.54,100.67,72.2,83.55
2021-07-01,89.39,93.84,89.69,96.24,90.08,105.24,50.6,85.53
2021-07-05,93.85,98.59,91.07,98.67,91.73,107.0,62.4,86.65
2021-07-06,80.68,75.67,87.41,95.72,87.26,102.42,63.68,84.52
2021-07-07,99.11,103.8,86.93,94.17,84.35,100.25,71.3,83.38
2021-07-09,91.42,95.03,88.67,95.38,87.41,103.9,91.96,84.33
2021-07-12,93.45,97.74,86.71,94.72,85.78,102.35,166.43,83.25
2021-07-13,95.02,100.58,85.95,93.27,85.98,102.35,71.51,83.35
2021-07-14,87.39,91.79,85.85,93.22,85.28,101.27,71.44,83.2
2021-07-15,89.74,93.41,85.29,92.97,85.02,100.55,70.88,82.82
2021-07-16,84.96,85.91,86.06,93.14,85.97,101.43,71.3,83.27
2021-07-19,89.21,92.51,86.73,94.87,87.23,103.3,71.38,83.3
2021-07-20,91.69,90.35,85.37,93.75,84.11,100.15,69.64,81.72
2021-07-21,89.99,89.1,85.11,93.26,86.09,102.27,70.82,83.03
2021-07-22,87.56,87.59,84.59,92.92,85.42,101.4,69.82,81.65
2021-07-23,88.8,88.58,84.31,92.15,85.43,101.5,70.41,82.32
2021-07-26,88.5,92.08,82.04,89.85,88.73,104.1,72.3,84.12
2021-07-27,87.22,88.94,82.38,89.11,88.71,105.0,72.84,84.58
2021-07-28,79.42,75.82,82.49,88.84,90.82,107.5,74.08,85.76
2021-07-29,46.1,26.72,81.38,88.35,92.77,109.59,75.24,87.0
2021-07-30,64.81,59.8,81.37,92.88,91.86,108.48,74.98,86.63
2021-08-02,80.1,82.01,86.13,97.43,95.13,112.74,53.75,88.86
2021-08-03,96.51,99.28,85.15,95.53,94.59,112.87,53.44,88.34
2021-08-04,98.17,103.91,84.79,95.48,94.75,112.61,57.17,88.58
2021-08-06,71.6,70.72,85.18,97.3,97.1,116.17,65.12,91.24
2021-08-09,67.59,69.59,83.57,96.21,96.9,115.68,93.8,91.48
2021-08-10,90.77,92.63,84.26,95.34,99.71,118.88,118.95,92.9
2021-08-11,100.76,98.19,84.72,96.43,101.37,120.17,118.4,94.1
2021-08-12,106.54,107.46,84.49,96.55,102.41,122.84,190.45,96.09
2021-08-13,94.9,91.87,84.44,95.64,100.08,120.23,82.07,94.75
2021-08-16,67.6,63.58,84.86,95.28,103.26,123.41,84.47,97.31
2021-08-17,57.39,55.06,84.39,95.61,102.63,122.93,84.76,97.82
2021-08-18,78.64,83.74,84.3,95.7,101.42,122.39,84.13,97.25
2021-08-19,91.62,98.14,82.02,92.88,92.77,112.66,79.43,92.85
2021-08-20,102.18,103.47,81.88,92.01,92.18,110.81,79.27,92.39
2021-08-23,93.88,100.15,80.9,89.96,93.8,113.07,81.0,93.94
2021-08-24,95.4,98.4,81.26,90.25,97.99,117.24,83.05,96.14
2021-08-25,84.31,81.46,81.71,90.97,98.93,117.77,82.57,95.83
2021-08-26,92.62,98.64,81.3,90.9,100.11,118.8,83.26,96.29
2021-08-27,95.91,99.3,81.73,91.07,102.19,121.8,84.24,97.25
2021-08-30,106.58,117.98,82.7,92.32,105.71,124.93,86.51,99.57
2021-08-31,110.05,115.73,99.38,111.87,106.09,125.27,86.88,100.06
2021-09-02,118.19,121.05,108.85,118.89,111.87,131.92,53.45,103.25
2021-09-03,110.53,109.09,110.31,120.37,111.89,132.6,54.34,103.65
2021-09-06,127.82,131.21,115.08,123.22,113.77,136.1,66.01,104.82
2021-09-07,127.98,130.83,116.8,125.55,115.43,136.2,72.5,106.15
2021-09-08,124.78,126.06,118.62,127.6,117.1,138.0,79.14,107.95
2021-09-09,130.23,135.35,120.98,129.98,121.06,141.05,96.7,110.5
2021-09-13,141.32,150.2,131.74,142.76,130.57,151.45,99.42,114.0
2021-09-14,143.24,152.18,136.72,148.9,139.0,160.92,99.77,114.62
2021-09-15,168.21,185.13,144.81,160.27,155.85,178.9,104.77,120.37
2021-09-16,158.94,168.37,132.43,147.46,137.49,159.85,96.98,113.2
2021-09-17,156.96,164.32,130.63,146.32,140.09,161.64,100.08,115.52
2021-09-20,150.7,168.65,131.49,144.27,154.9,176.0,105.3,120.95
2021-09-21,149.89,156.21,130.72,145.04,151.8,175.34,104.09,120.58
2021-09-22,145.98,164.49,129.24,143.38,147.0,171.85,103.59,120.6
2021-09-23,73.16,57.93,129.93,143.13,143.79,170.0,104.08,120.7
2021-09-24,108.98,122.29,129.53,142.99,143.75,171.42,107.55,125.05
2021-09-27,143.22,155.81,128.15,140.44,153.25,182.85,113.91,132.4
2021-09-28,155.09,171.41,128.09,140.5,164.44,207.5,116.65,137.67
2021-09-29,133.31,149.92,128.37,141.24,173.97,216.41,117.81,140.39
2021-09-30,112.57,126.56,160.46,208.18,194.57,246.83,129.28,154.74
2021-10-05,159.73,188.81,206.49,256.89,264.36,409.74,64.63,227.25
2021-10-06,184.12,224.54,203.22,261.4,233.35,326.68,66.75,186.15
2021-10-08,203.89,218.69,162.12,205.47,195.86,263.61,80.49,159.0
2021-10-11,167.84,180.18,148.08,189.02,193.81,266.01,109.87,161.45
2021-10-12,167.43,195.04,146.6,188.26,191.52,249.57,186.85,158.38
2021-10-13,188.24,210.51,153.23,194.01,198.24,259.65,122.93,163.25
2021-10-14,167.81,196.76,149.53,190.51,216.4,270.0,132.47,170.88
2021-10-15,116.65,124.54,153.07,189.93,211.35,272.0,132.36,173.0
2021-10-18,189.72,216.61,139.6,174.34,198.25,260.07,127.2,167.0
2021-10-19,153.46,193.55,138.54,172.78,183.57,243.41,123.44,162.8
2021-10-20,60.11,77.56,143.65,173.55,186.31,245.65,125.57,163.38
2021-10-21,61.5,70.16,145.85,176.72,173.17,228.8,120.25,156.45
2021-10-22,71.87,68.84,153.2,184.45,180.18,236.39,122.54,156.36
2021-10-25,173.65,204.69,143.2,177.68,182.19,239.4,123.48,156.0
2021-10-26,178.02,209.85,142.63,177.22,181.0,234.0,123.5,155.25
2021-10-27,143.84,167.23,141.5,175.97,174.12,225.94,121.34,152.25
2021-10-28,153.54,171.07,140.27,174.73,157.97,202.55,114.13,144.0
2021-10-29,112.97,130.62,139.61,204.37,142.25,178.61,109.03,136.0
2021-11-01,95.49,109.71,151.02,205.32,133.93,173.5,50.4,129.54
2021-11-02,204.11,244.75,154.02,201.26,144.05,181.01,53.1,133.44
2021-11-03,193.14,227.82,160.03,204.45,159.02,199.21,55.53,141.47
2021-11-05,160.09,190.72,159.99,210.39,155.8,198.23,65.67,139.75
2021-11-08,177.41,227.72,153.68,208.58,165.57,207.26,81.93,143.25
2021-11-10,176.26,206.35,148.85,197.25,146.25,187.44,121.26,135.56
2021-11-11,190.43,205.02,152.11,197.89,154.43,192.64,113.39,138.23
2021-11-15,227.96,271.6,163.8,209.79,169.43,214.03,118.8,146.88
2021-11-16,237.47,282.43,172.53,216.37,191.8,240.04,128.65,157.75
2021-11-17,180.6,206.1,183.12,230.64,214.21,271.96,136.47,169.25
2021-11-18,139.9,170.14,177.7,228.24,201.27,263.36,131.5,166.72
2021-11-19,131.63,170.87,175.24,230.5,188.4,250.0,127.68,161.3
2021-11-22,233.17,279.16,176.16,228.46,190.0,251.34,129.0,162.0
2021-11-23,241.87,289.94,173.85,227.53,200.05,256.26,132.81,165.0
2021-11-24,273.89,331.63,180.05,229.95,208.76,266.82,137.14,169.0
2021-11-25,243.35,285.69,180.33,232.84,208.17,277.27,138.61,174.31
2021-11-26,188.38,217.53,178.76,228.14,201.2,272.97,134.45,172.75
2021-11-29,265.96,342.98,176.15,224.6,208.88,277.52,138.0,174.56
2021-11-30,123.84,136.07,223.0,296.19,219.02,286.45,141.18,178.0
2021-12-01,91.0,88.77,220.09,275.82,218.0,284.02,51.56,180.0
2021-12-02,195.04,269.23,215.61,263.98,218.95,287.19,52.58,183.75
2021-12-03,149.97,164.59,218.03,270.68,221.02,288.24,56.08,187.3
2021-12-07,216.19,279.28,213.71,274.13,228.35,298.0,71.4,203.68
2021-12-08,184.06,237.65,233.85,292.64,247.0,315.0,83.41,229.0
2021-12-10,239.78,272.54,222.6,279.5,246.05,314.22,121.37,230.0
2021-12-13,264.66,326.53,245.39,301.3,273.03,347.0,208.19,257.24
2021-12-14,295.82,372.42,244.0,304.79,277.6,349.49,206.38,257.5
2021-12-15,295.2,342.54,247.19,311.6,287.35,364.53,205.52,261.5
2021-12-16,344.3,407.48,266.65,347.4,380.29,472.55,245.07,306.0
2021-12-17,338.14,387.07,251.14,339.87,367.15,490.0,242.35,313.04
2021-12-20,331.37,410.75,237.48,324.92,377.58,500.13,252.85,325.22
2021-12-21,431.98,515.47,250.56,343.35,440.98,590.24,315.0,400.0
2021-12-22,416.72,474.81,249.13,337.5,443.18,615.05,324.6,410.0
2021-12-23,300.73,341.59,242.91,314.87,359.36,490.67,271.33,356.03
2021-12-27,148.83,194.95,223.67,284.72,280.0,371.52,220.75,296.0
2021-12-28,104.23,126.48,222.94,282.87,286.95,361.67,225.73,291.33
2021-12-29,155.6,198.0,222.15,280.67,267.0,353.64,219.88,290.0
2021-12-30,73.26,89.96,221.06,279.14,172.76,200.5,120.11,152.84
2022-01-03,76.11,107.26,190.77,266.9,163.03,191.58,155.92,155.25
2022-01-04,153.92,181.97,195.18,269.76,193.63,220.54,186.53,177.2
2022-01-06,194.1,234.19,195.98,265.96,186.58,215.33,241.23,174.43
2022-01-07,167.18,189.83,192.41,258.03,178.9,206.83,295.97,169.44
2022-01-11,255.41,284.23,177.54,235.93,166.38,196.25,367.4,159.21
2022-01-12,233.32,264.48,171.72,225.76,156.82,181.51,364.11,154.08
2022-01-13,180.16,192.82,166.79,216.5,148.8,170.0,113.59,145.66
2022-01-14,178.76,202.38,173.36,221.8,169.65,193.75,117.48,151.5
2022-01-17,129.31,158.34,170.5,214.28,155.99,180.39,114.17,147.5
2022-01-18,235.87,265.12,171.62,216.11,153.37,175.8,116.38,147.0
2022-01-19,172.18,188.43,172.3,213.85,148.0,169.14,116.58,145.01
2022-01-20,117.7,132.6,165.96,206.45,152.25,174.0,118.31,145.01
2022-01-21,159.27,186.63,168.4,209.03,161.5,183.6,122.63,148.0
2022-01-24,245.94,280.82,168.37,212.16,182.28,203.5,127.78,153.42
2022-01-25,297.29,351.76,166.6,210.37,194.98,217.29,132.92,157.0
2022-01-26,234.98,264.92,166.58,210.13,195.02,220.32,134.65,160.0
2022-01-27,120.71,131.95,168.74,214.11,204.26,230.17,141.46,170.51
2022-01-28,174.35,224.02,168.11,213.65,204.48,233.0,145.0,175.27
2022-01-31,195.2,231.55,167.73,214.17,190.3,218.92,142.5,174.31
2022-02-02,140.22,179.02,172.61,214.81,179.58,204.57,137.88,169.0
2022-02-03,193.56,213.33,163.45,203.19,177.23,201.0,162.75,168.31
2022-02-08,137.81,150.47,140.84,172.9,177.93,202.25,398.5,178.17
2022-02-09,165.89,176.18,139.45,170.65,169.94,193.16,508.75,174.75
2022-02-11,184.58,179.63,130.3,157.48,169.81,191.78,375.95,174.5
2022-02-14,102.22,127.02,125.63,157.51,179.17,202.59,145.72,178.58
2022-02-15,155.0,179.8,124.36,154.36,166.04,187.0,139.79,173.1
2022-02-16,117.38,126.88,120.64,150.37,159.4,183.0,136.5,169.9
2022-02-17,68.64,83.37,121.81,150.92,165.75,185.0,136.13,170.5
2022-02-18,117.63,129.61,121.26,149.75,166.33,184.47,137.94,169.92
2022-02-21,75.42,102.35,122.12,149.82,169.65,189.37,138.81,170.75
2022-02-22,123.24,145.34,126.06,151.42,181.5,204.0,147.98,178.08
2022-02-23,130.09,143.33,126.42,150.37,197.89,218.57,156.43,189.62
2022-02-24,123.39,125.68,130.68,154.8,289.39,307.65,181.66,218.65
2022-02-25,119.96,122.04,129.42,151.29,206.0,235.0,145.86,183.0
2022-02-28,208.3,217.83,128.8,150.06,228.09,259.08,151.12,188.54
2022-03-01,241.4,263.15,231.24,259.69,253.67,279.66,121.63,191.5
2022-03-02,278.78,290.56,297.36,325.94,321.39,360.0,136.01,205.0
2022-03-03,338.2,335.86,315.14,347.6,334.4,380.0,163.06,205.0
2022-03-08,487.57,471.65,391.65,432.29,438.4,500.0,398.49,240.18
2022-03-10,279.15,271.07,297.57,324.07,294.08,341.99,437.79,207.0
2022-03-11,80.44,58.61,277.34,304.17,283.67,317.39,374.94,208.33
2022-03-14,281.44,298.94,258.41,290.57,250.0,279.26,159.89,200.0
2022-03-15,300.54,322.65,260.65,288.16,258.54,286.24,161.38,202.75
2022-03-16,245.3,259.66,250.81,275.66,233.54,265.0,154.81,196.43
2022-03-17,225.41,253.65,250.73,276.39,237.11,269.06,158.7,195.4
2022-03-18,228.9,233.32,250.71,275.7,233.0,263.28,158.25,194.0
2022-03-21,205.75,220.72,246.98,273.98,219.95,252.21,158.5,194.25
2022-03-22,236.49,235.67,245.74,274.11,220.22,253.1,162.13,197.43
2022-03-23,236.53,234.6,249.94,279.14,258.22,283.92,172.94,208.5
2022-03-24,238.0,235.58,254.22,281.98,250.65,278.0,174.94,212.0
2022-03-25,244.38,233.66,252.19,277.71,234.88,264.99,169.52,206.0
2022-03-28,221.57,214.42,252.8,279.05,237.25,268.05,169.23,205.0
2022-03-29,250.18,261.95,252.42,279.16,247.79,278.52,175.44,209.95
2022-03-30,271.03,294.51,252.01,278.95,274.84,310.08,181.27,220.0
2022-03-31,209.19,220.15,233.09,262.86,276.53,308.0,184.28,223.5
2022-04-01,160.13,176.27,213.49,243.59,272.25,310.0,139.88,226.25
2022-04-04,75.33,60.63,186.32,211.51,252.42,284.5,181.84,227.44
2022-04-05,183.02,238.51,183.67,203.8,256.25,286.53,215.4,225.0
2022-04-07,74.15,79.83,179.27,198.04,251.62,282.61,321.9,229.2
2022-04-08,120.87,147.33,177.81,195.82,257.25,286.1,405.0,231.58
2022-04-11,223.62,219.81,180.45,195.25,245.12,277.25,365.92,230.13
2022-04-13,222.52,226.68,177.72,192.8,251.1,282.5,201.7,245.9
2022-04-14,227.71,222.52,175.6,192.08,240.0,273.0,199.47,246.88
2022-04-19,213.0,212.58,164.98,182.26,227.83,261.33,195.13,237.75
2022-04-20,203.25,196.78,163.62,182.39,235.42,269.0,202.67,244.43
2022-04-21,199.5,197.92,167.25,185.97,234.9,272.0,205.79,245.46
2022-04-22,172.49,153.51,166.35,186.18,231.83,270.48,205.5,246.5
2022-04-25,223.46,225.44,165.46,182.41,231.44,269.25,206.17,247.0
2022-04-26,238.47,238.56,164.92,181.79,215.5,251.46,197.0,238.5
2022-04-27,222.21,221.3,166.32,183.32,241.25,279.29,202.06,243.17
2022-04-28,230.15,226.61,165.84,182.97,231.89,269.51,200.48,240.5
2022-04-29,228.02,226.88,165.73,229.0,232.46,268.5,201.25,242.0
2022-05-04,231.29,228.36,201.11,213.53,235.5,266.0,184.99,262.25
2022-05-05,234.49,233.18,203.6,212.63,241.91,274.88,224.07,274.18
2022-05-09,216.81,211.3,188.67,190.49,223.29,259.7,570.33,266.0
2022-05-10,183.32,158.22,185.55,185.51,215.38,252.08,427.87,263.03
2022-05-12,169.12,150.8,194.06,195.17,239.32,275.83,360.73,281.5
2022-05-13,168.79,129.03,188.46,190.92,234.45,273.04,229.7,282.55
2022-05-16,211.58,214.69,186.03,190.8,224.67,257.74,226.9,276.76
2022-05-17,225.75,227.77,187.47,190.65,227.79,261.99,232.88,283.5
2022-05-18,206.97,204.92,186.18,190.13,226.59,257.83,229.93,281.95
2022-05-19,210.81,209.31,182.47,186.61,221.19,254.58,227.35,279.0
2022-05-20,209.23,208.97,181.66,183.93,217.5,252.25,228.33,281.54
2022-05-23,188.14,197.94,176.6,181.0,208.7,241.29,221.64,272.99
2022-05-24,162.95,171.11,176.24,179.16,208.0,243.63,224.04,278.25
2022-05-25,177.5,165.17,176.74,179.74,208.63,243.21,227.2,279.51
2022-05-26,67.93,27.68,176.79,178.91,209.0,243.5,231.3,283.85
2022-05-27,46.77,13.7,177.36,178.97,209.81,243.3,232.12,284.18
2022-05-30,225.99,229.01,177.48,179.64,208.75,241.07,233.93,285.78
2022-05-31,210.17,206.41,195.17,208.18,219.88,249.94,239.5,290.5
2022-06-01,215.29,208.03,188.4,199.28,209.3,242.86,133.0,299.63
2022-06-06,91.33,52.83,177.81,182.69,200.5,232.14,247.4,314.53
2022-06-07,183.88,184.79,172.99,180.01,196.75,225.63,330.16,309.02
2022-06-09,185.49,182.37,172.02,178.31,199.6,225.63,536.0,295.42
2022-06-10,185.75,178.41,170.11,176.07,196.82,223.01,436.0,291.31
2022-06-13,165.56,144.97,170.03,174.84,194.61,218.9,219.78,279.93
2022-06-14,194.98,187.86,177.18,183.24,214.1,235.04,221.03,281.0
2022-06-15,211.83,207.33,192.56,196.32,240.98,263.76,230.53,292.0
2022-06-16,201.97,170.63,204.54,208.92,281.11,307.78,240.51,304.78
2022-06-17,255.43,238.86,202.45,206.33,258.0,287.8,236.62,302.0
2022-06-20,267.37,266.47,210.38,216.98,263.79,290.97,232.51,301.51
2022-06-21,288.59,276.36,215.57,224.16,271.99,299.62,237.58,307.27
2022-06-22,323.34,320.65,216.63,226.06,281.54,311.29,245.1,315.26
2022-06-23,295.08,294.14,217.87,228.37,295.86,326.56,259.94,332.33
2022-06-24,274.3,281.67,216.97,227.5,289.41,323.15,256.1,336.01
2022-06-27,316.65,318.98,218.13,230.05,292.21,327.08,263.24,339.65
2022-06-28,331.52,334.83,217.89,230.53,293.82,331.55,268.47,346.63
2022-06-29,315.54,333.62,218.03,230.45,362.23,471.7,281.35,364.07
2022-06-30,325.48,332.38,292.25,327.36,378.0,485.82,295.23,390.0
2022-07-01,314.38,310.93,281.33,316.18,373.79,487.64,126.98,394.38
2022-07-04,293.89,256.44,290.64,320.9,400.37,514.42,191.41,431.11
2022-07-06,303.54,266.28,328.43,351.33,422.34,540.5,243.04,450.5
2022-07-07,213.22,202.19,352.16,374.57,463.3,586.37,369.38,500.5
2022-07-11,372.6,385.55,318.17,352.44,436.7,585.67,343.57,497.0
2022-07-12,377.66,352.23,303.54,338.54,443.0,601.0,393.5,502.0
2022-07-13,352.16,316.38,309.32,348.54,454.33,630.25,359.49,503.01
2022-07-14,367.38,342.09,319.44,358.02,454.92,650.0,354.74,502.0
2022-07-15,329.92,289.23,310.67,347.26,425.64,605.33,338.02,490.61
2022-07-18,396.07,376.32,303.82,338.77,424.96,584.33,334.88,483.2
2022-07-19,397.09,399.09,303.92,335.18,426.75,580.75,335.35,481.25
2022-07-20,332.7,325.21,303.14,334.25,409.0,565.25,324.14,470.1
2022-07-21,396.73,387.75,301.59,330.7,402.65,560.2,327.74,468.75
2022-07-22,377.45,358.65,305.13,331.43,416.75,565.75,336.41,477.67
2022-07-25,309.81,287.9,304.52,322.92,426.79,575.0,342.45,481.24
2022-07-26,316.57,264.32,314.92,332.41,483.53,619.0,374.56,508.53
2022-07-27,424.49,419.66,315.68,335.62,485.25,623.33,372.49,509.0
2022-07-28,473.25,478.01,314.76,334.76,480.0,610.0,367.71,508.0
2022-07-29,438.65,444.61,315.0,428.61,455.11,590.0,361.34,503.72
2022-08-02,380.51,327.18,397.22,421.44,476.84,610.03,143.25,535.72
2022-08-03,384.83,345.37,393.33,412.42,472.0,601.32,187.14,532.38
2022-08-04,414.16,399.1,391.38,412.83,472.38,591.13,193.88,536.11
2022-08-08,359.55,358.89,355.05,376.41,469.16,596.33,406.54,546.0
2022-08-09,344.87,333.11,348.81,368.8,465.58,594.81,525.0,549.0
2022-08-11,368.15,361.49,384.61,408.21,510.04,660.49,335.18,616.33
2022-08-12,436.8,425.72,379.63,402.14,504.49,655.6,372.2,633.0
2022-08-15,426.6,432.48,401.84,424.99,518.94,679.42,477.27,661.0
2022-08-16,490.79,479.0,425.91,459.18,565.25,745.7,507.35,729.92
2022-08-17,551.95,569.9,444.07,474.83,563.74,769.09,511.6,740.0
2022-08-18,563.76,592.58,448.22,479.07,594.86,802.95,537.38,778.17
2022-08-19,515.1,528.08,449.86,484.36,618.67,831.9,559.0,841.96
2022-08-22,563.81,590.15,464.51,496.3,734.13,958.04,637.75,974.76
2022-08-23,605.13,617.2,460.88,488.49,743.0,993.79,625.5,948.0
2022-08-24,624.34,631.29,462.2,493.16,751.91,1020.01,643.0,980.0
2022-08-25,599.83,600.92,470.19,504.53,840.56,1270.9,748.4,1057.5
2022-08-26,699.44,731.01,474.04,505.43,993.0,1284.86,985.0,1295.0
2022-08-29,658.41,668.18,467.09,497.65,845.0,1193.87,760.0,1141.67
2022-08-30,660.24,670.23,465.18,495.79,705.0,1041.92,610.03,995.0
2022-08-31,604.49,622.14,464.0,554.0,655.0,973.09,575.83,936.95
2022-09-02,422.25,420.65,432.24,515.94,608.4,873.19,140.21,807.5
2022-09-05,357.45,383.58,438.66,496.49,693.6,969.67,217.87,860.0
2022-09-06,417.27,425.79,416.37,470.95,610.0,869.79,231.96,817.28
2022-09-08,443.52,456.49,398.22,448.16,535.14,754.46,406.96,749.35
2022-09-09,345.7,365.85,387.32,437.27,523.8,695.0,517.0,724.18
2022-09-12,408.03,416.78,364.75,420.93,495.63,678.43,372.0,682.0
2022-09-13,392.37,411.6,367.83,426.05,485.21,658.29,476.75,669.67
2022-09-14,455.81,509.83,379.08,433.98,524.39,696.99,517.0,700.0
2022-09-15,369.37,376.71,379.11,434.35,541.0,720.47,540.5,725.0
2022-09-16,201.2,185.3,358.0,418.16,493.11,674.57,510.93,710.0
2022-09-19,261.68,290.36,341.74,395.58,464.13,649.51,494.0,674.17
2022-09-20,363.43,386.34,343.06,392.08,462.31,643.5,499.55,679.83
2022-09-21,379.94,391.33,344.31,392.21,487.27,674.97,524.0,698.1
2022-09-22,387.89,383.26,346.06,391.9,480.41,663.01,515.0,701.33
2022-09-23,368.33,373.88,339.82,384.99,457.54,640.65,486.24,684.08
2022-09-26,245.93,255.8,345.36,391.61,442.02,605.0,477.33,674.01
2022-09-27,310.21,352.22,347.41,395.11,445.2,618.28,470.0,669.75
2022-09-28,386.2,424.71,347.78,395.2,466.26,630.47,501.38,687.25
2022-09-29,417.14,440.83,346.12,392.38,547.04,765.39,462.8,645.1
2022-09-30,315.49,321.24,288.33,389.26,535.0,740.32,453.44,626.33
2022-10-03,209.35,224.0,240.1,308.17,506.12,712.37,167.15,609.5
2022-10-05,103.19,96.65,214.13,277.21,503.16,693.82,214.0,585.0
2022-10-06,100.8,110.6,235.66,301.97,512.0,700.22,225.28,592.07
2022-10-10,162.09,186.52,197.06,255.7,484.09,681.98,427.0,581.64
2022-10-11,259.87,291.78,191.67,251.05,501.37,688.0,320.91,585.4
2022-10-13,257.46,287.57,191.31,243.56,489.22,682.17,424.0,584.15
2022-10-14,260.65,283.84,180.39,232.17,474.0,667.61,419.94,578.67
2022-10-17,152.61,169.09,168.46,212.28,454.01,643.51,409.58,562.86
2022-10-18,183.18,199.68,161.91,199.67,418.05,593.29,388.26,539.0
2022-10-19,168.45,187.91,165.26,203.73,417.0,604.16,387.0,542.0
2022-10-20,140.22,158.11,166.29,205.85,450.67,635.45,401.5,556.1
2022-10-21,163.45,184.75,162.1,200.15,417.5,602.31,380.16,535.39
2022-10-24,80.62,95.55,151.2,185.6,406.33,583.94,369.51,525.0
2022-10-25,105.4,120.8,150.68,183.11,417.0,577.47,373.65,521.47
2022-10-26,121.4,136.19,151.81,182.83,410.21,578.85,373.5,520.0
2022-10-27,124.69,133.71,151.84,183.13,425.0,603.14,386.7,530.5
2022-10-28,105.52,112.26,150.75,182.65,450.4,635.78,403.0,547.17
2022-10-31,145.22,162.53,152.6,183.68,400.0,574.02,373.15,518.72
2022-11-01,68.86,76.54,212.01,267.0,390.0,545.93,121.39,507.04
2022-11-02,71.97,87.26,222.57,277.18,398.14,554.34,141.16,511.73
2022-11-03,103.01,121.25,224.98,286.71,396.75,541.89,168.85,508.0
2022-11-04,178.54,213.42,205.42,261.49,379.46,524.78,192.2,491.33
2022-11-07,76.1,111.0,168.6,210.57,340.51,466.75,356.67,460.71
2022-11-08,95.15,106.07,165.85,208.42,333.24,445.0,454.63,443.0
2022-11-10,137.25,153.97,167.53,209.76,313.32,425.3,435.64,423.75
2022-11-11,125.38,149.6,149.06,189.65,288.67,396.45,301.26,399.87
2022-11-14,160.8,187.35,153.81,188.49,291.41,374.09,301.77,397.13
2022-11-15,177.29,212.13,159.15,192.73,325.93,403.18,330.0,417.43
2022-11-16,143.76,192.73,150.05,183.09,316.17,403.71,320.03,413.5
2022-11-17,99.9,130.69,150.21,180.56,309.04,395.92,314.93,405.45
2022-11-18,171.03,205.89,148.19,178.63,312.09,387.71,317.75,407.5
2022-11-21,253.82,315.06,160.6,193.0,328.71,407.01,328.33,420.0
2022-11-22,203.88,257.99,164.72,195.09,354.62,433.59,344.81,431.03
2022-11-23,177.98,202.17,170.19,203.93,373.21,472.43,346.0,446.23
2022-11-24,237.46,293.97,170.27,205.53,350.59,455.0,342.0,441.0
2022-11-25,257.93,300.67,170.18,206.04,350.0,458.1,345.1,452.0
2022-11-28,291.64,379.1,173.41,215.75,337.95,434.09,338.19,440.0
2022-11-29,371.64,451.91,173.63,216.92,360.71,462.36,353.84,456.9
2022-11-30,393.7,473.31,315.91,390.01,380.46,483.4,370.71,469.0
2022-12-01,394.36,458.88,305.75,385.9,375.34,499.77,116.39,474.0
2022-12-05,341.26,417.2,295.66,369.08,360.25,478.81,227.8,463.5
2022-12-07,324.83,373.81,319.09,389.56,399.61,494.85,358.98,482.06
2022-12-08,387.53,456.48,315.36,390.31,376.17,486.38,460.38,473.0
2022-12-09,411.04,476.47,319.37,387.83,369.99,479.68,475.11,469.5
2022-12-12,433.93,524.18,293.92,372.09,349.27,450.96,350.9,448.0
2022-12-13,444.48,552.8,286.35,354.03,344.18,436.38,344.5,438.0
2022-12-14,443.88,545.04,279.51,352.53,321.99,411.04,324.43,416.0
2022-12-15,396.96,466.96,283.2,357.51,325.94,409.23,324.82,415.72
2022-12-16,411.31,501.95,269.84,344.35,283.5,378.29,300.0,395.0
2022-12-19,191.93,246.74,273.3,348.69,273.48,353.21,289.75,377.33
2022-12-20,185.82,225.5,270.71,346.1,274.71,349.49,287.07,374.57
2022-12-21,214.6,243.02,270.01,341.01,255.0,319.46,268.29,349.0
2022-12-22,192.64,219.67,265.84,336.87,237.99,304.71,254.33,332.17
2022-12-23,185.89,219.12,260.03,332.89,224.85,295.07,244.85,322.37
2022-12-27,91.73,128.78,254.2,322.82,222.13,292.02,244.43,318.25
2022-12-28,45.9,67.6,251.98,320.33,215.06,276.68,238.85,303.13
2022-12-29,13.58,19.6,251.58,319.98,200.7,230.5,228.0,291.0
2022-12-30,14.63,23.9,251.62,220.0,177.11,208.33,215.0,282.68
2023-01-02,123.82,153.81,153.24,204.1,180.67,204.92,185.77,281.75
2023-01-03,145.95,166.82,143.06,185.88,180.8,207.01,146.53,282.9
2023-01-06,117.47,128.32,125.43,163.63,171.22,191.83,118.13,258.29
2023-01-09,129.29,161.72,121.59,161.06,176.06,194.01,133.54,257.0
2023-01-11,84.08,124.39,118.19,156.91,156.52,175.47,117.12,234.0
2023-01-12,70.74,95.77,125.27,164.6,158.88,177.69,104.4,232.89
2023-01-13,66.64,88.47,124.29,163.2,154.69,172.68,171.8,224.5
2023-01-16,128.75,156.15,119.15,157.96,136.59,154.3,154.06,204.5
2023-01-17,133.57,151.15,120.53,157.03,146.98,163.24,167.21,212.35
2023-01-18,143.76,156.13,120.02,158.14,149.4,164.0,175.93,223.46
2023-01-19,148.21,168.56,118.99,156.75,146.04,161.96,179.52,223.13
2023-01-20,180.66,202.24,118.78,154.53,154.99,169.86,190.09,234.31
2023-01-23,202.73,235.99,119.05,159.65,151.21,167.0,186.68,234.75
2023-01-24,202.69,232.43,118.05,156.65,135.81,153.0,166.07,218.25
2023-01-25,181.74,203.18,116.34,154.89,131.35,147.5,165.79,219.07
2023-01-26,167.67,185.7,116.08,155.04,132.43,149.63,164.53,219.44
2023-01-27,168.76,190.77,116.07,153.95,135.6,149.14,165.79,220.13
2023-01-30,74.21,94.22,117.83,154.67,138.12,152.35,170.78,223.63
2023-01-31,117.32,129.76,141.7,164.29,146.52,158.0,176.75,227.23
2023-02-01,93.08,104.6,143.35,164.24,149.97,162.31,214.27,235.39
2023-02-02,136.15,168.38,139.14,158.97,143.06,155.06,178.99,227.44
2023-02-03,102.61,105.31,142.1,159.57,144.83,155.77,141.67,226.47
2023-02-06,172.96,186.92,132.84,150.02,141.16,152.27,118.96,223.63
2023-02-08,152.1,153.66,131.51,146.73,133.03,143.21,134.52,205.4
2023-02-10,125.92,135.2,134.39,148.78,135.78,145.5,118.23,204.0
2023-02-13,163.5,174.72,129.69,144.79,131.05,141.32,158.18,198.0
2023-02-14,154.49,158.87,129.95,143.84,131.33,141.5,159.34,198.0
2023-02-15,143.52,148.3,129.39,143.76,135.91,145.63,162.46,199.63
2023-02-16,136.73,146.6,130.36,143.82,133.25,143.47,161.43,199.17
2023-02-17,81.15,82.66,129.7,142.46,128.58,139.26,159.2,196.15
2023-02-20,61.42,58.75,129.08,141.67,129.92,140.13,158.16,195.83
2023-02-21,122.45,139.67,129.23,140.31,126.65,136.61,152.55,187.0
2023-02-22,148.65,153.82,128.72,140.22,129.46,138.71,152.77,186.12
2023-02-23,146.12,151.99,127.95,139.78,129.58,140.2,152.32,189.25
2023-02-24,118.3,121.71,128.34,140.24,132.23,141.76,153.1,190.0
2023-02-27,152.27,157.7,128.31,141.03,123.31,135.72,150.9,186.06
2023-02-28,148.05,150.72,120.98,134.07,121.61,132.42,148.02,180.0
2023-03-01,142.97,143.13,121.29,132.14,121.55,131.46,213.03,177.33
2023-03-02,144.31,143.63,120.29,130.78,119.99,129.78,178.83,170.28
2023-03-03,136.76,139.3,116.0,126.61,115.11,125.0,137.72,166.0
2023-03-07,106.87,109.99,111.77,122.56,112.94,120.76,138.27,165.88
2023-03-08,138.89,151.61,110.96,120.91,112.29,121.78,135.87,170.0
2023-03-10,115.61,125.01,117.45,125.02,134.66,139.39,114.87,184.85
2023-03-13,37.14,35.28,111.16,120.51,129.98,137.08,151.63,182.75
2023-03-14,71.48,87.61,108.23,118.17,115.77,122.92,138.11,168.43
2023-03-15,127.72,127.57,105.07,113.28,112.12,119.0,133.86,163.0
2023-03-16,105.57,104.65,106.47,115.04,112.79,117.7,135.63,164.93
2023-03-17,92.35,100.05,104.7,112.18,110.11,117.15,136.39,165.24
2023-03-20,125.17,124.89,101.46,108.06,102.31,109.0,130.25,162.1
2023-03-21,115.05,115.15,102.44,108.8,109.4,115.32,137.81,166.0
2023-03-22,80.18,72.74,102.54,109.26,105.26,111.47,134.52,164.75
2023-03-23,74.71,76.26,102.8,108.84,112.56,118.45,142.55,171.62
2023-03-24,53.12,46.3,101.81,107.54,106.98,115.0,133.75,164.23
2023-03-27,92.32,83.52,101.73,107.81,108.06,112.9,133.56,162.85
2023-03-28,113.15,113.6,102.27,108.62,110.05,115.29,137.48,167.24
2023-03-29,116.54,124.83,102.35,108.66,108.61,113.89,139.01,168.43
2023-03-30,81.44,70.48,102.52,108.99,124.6,139.09,143.63,172.5
2023-03-31,97.59,111.53,110.63,114.89,135.9,148.5,153.09,181.0
2023-04-04,132.07,129.29,112.07,117.69,132.04,148.03,152.15,184.48
2023-04-05,140.97,134.94,108.4,113.52,126.8,146.0,142.76,176.17
2023-04-12,107.69,115.22,104.13,104.23,124.73,138.99,100.13,183.28
2023-04-13,108.41,106.92,102.62,102.91,122.32,135.0,151.57,180.99
2023-04-14,128.8,126.33,102.52,102.69,118.6,132.69,146.59,178.07
2023-04-17,124.24,123.57,100.85,102.02,117.84,130.2,146.71,178.5
2023-04-18,108.23,104.45,100.99,101.31,121.64,130.58,150.59,182.0
2023-04-19,87.52,63.37,99.93,100.34,117.7,128.99,147.79,178.86
2023-04-20,111.71,108.82,100.82,100.85,117.37,129.01,148.16,178.7
2023-04-21,89.48,71.18,100.76,100.26,115.55,128.04,144.26,175.55
2023-04-24,104.6,106.76,102.01,101.09,114.45,126.9,144.02,173.0
2023-04-25,101.0,91.51,101.73,100.78,113.5,123.5,144.57,174.0
2023-04-26,110.72,105.94,101.09,100.09,109.95,119.5,141.8,171.35
2023-04-27,112.09,106.86,101.2,100.3,110.32,120.28,146.78,175.25
2023-04-28,106.0,105.65,100.74,95.1,107.91,118.99,147.3,178.24
2023-05-04,97.5,88.52,89.82,91.52,102.68,111.29,147.12,172.5
2023-05-05,96.05,93.26,90.5,91.78,103.81,112.25,144.75,172.69
2023-05-09,94.64,90.18,91.58,93.49,105.64,114.05,131.99,173.98
2023-05-10,107.89,109.5,91.3,93.73,103.7,112.82,114.97,175.25
2023-05-12,100.51,97.04,92.2,93.35,99.57,107.54,96.26,172.58
2023-05-15,113.84,106.57,89.23,90.51,98.9,107.73,138.74,167.11
2023-05-16,79.3,70.3,88.21,89.09,98.67,107.69,136.57,164.14
2023-05-17,78.58,62.42,87.89,89.83,98.17,106.46,141.05,167.21
2023-05-18,86.73,71.78,86.68,88.94,94.77,103.75,137.05,164.25
2023-05-19,87.28,79.2,86.52,88.38,97.88,104.5,137.8,165.25
2023-05-22,97.33,91.69,83.22,85.06,96.02,103.1,136.05,164.14
2023-05-23,72.79,56.41,82.41,82.72,94.28,102.2,134.51,163.83
2023-05-24,102.27,99.39,82.03,81.35,92.02,99.88,133.01,161.6
2023-05-25,81.65,60.12,81.49,80.65,88.47,95.7,127.9,156.63
2023-05-26,69.98,47.43,81.52,79.92,86.1,93.0,124.48,151.66
2023-05-30,87.74,81.32,81.72,79.29,83.92,89.75,122.47,149.88
2023-05-31,72.32,49.83,75.85,76.69,86.03,92.38,124.58,151.03
2023-06-01,72.9,57.96,72.28,73.93,80.09,87.23,194.0,145.1
2023-06-02,81.02,68.18,73.0,72.29,80.71,85.25,173.88,146.41
2023-06-06,98.14,90.57,79.86,82.19,88.25,94.53,119.24,146.5
2023-06-07,100.93,93.32,80.55,84.16,92.33,96.29,141.14,148.5
2023-06-09,86.68,81.07,86.54,90.67,103.35,110.57,128.16,161.0
2023-06-12,96.4,90.77,89.12,90.91,104.33,110.99,97.87,159.28
2023-06-13,90.03,81.23,92.77,94.74,113.01,119.07,143.74,166.88
2023-06-14,102.94,95.17,96.23,100.0,118.54,125.68,150.33,176.75
2023-06-15,120.31,108.78,97.23,102.23,120.44,128.32,153.12,179.5
2023-06-16,127.52,118.39,93.99,97.89,109.39,118.75,144.31,174.31
2023-06-19,116.97,110.94,94.62,96.59,108.4,116.27,144.85,172.58
2023-06-20,121.15,117.8,97.1,99.53,117.41,126.35,151.58,181.29
2023-06-21,123.47,115.55,94.76,95.6,111.39,119.31,145.95,177.25
2023-06-22,125.71,121.94,92.87,94.14,105.81,112.5,143.7,172.8
2023-06-23,106.41,101.42,92.65,93.73,101.16,107.16,140.95,170.97
2023-06-26,97.49,82.14,94.53,95.83,99.22,106.5,138.02,167.5
2023-06-27,101.95,92.57,94.59,95.9,102.96,108.5,143.23,171.81
2023-06-28,112.52,110.11,94.72,96.14,102.04,106.72,140.54,170.94
2023-06-29,118.08,113.22,94.76,96.24,130.43,160.31,140.65,170.8
2023-06-30,110.03,105.16,96.45,100.62,134.3,164.86,143.71,173.21
2023-07-03,53.22,31.53,88.26,93.78,126.82,160.94,135.88,169.0
2023-07-06,107.2,98.99,83.87,85.15,125.03,158.0,122.14,171.13
2023-07-07,102.97,89.26,82.74,83.25,127.78,159.25,145.09,174.91
2023-07-11,105.96,91.36,79.09,81.01,118.03,148.58,114.14,161.7
2023-07-12,87.51,67.61,77.03,81.41,114.07,145.44,99.61,159.75
2023-07-13,97.71,85.34,75.78,79.83,113.9,145.63,131.6,158.68
2023-07-14,96.97,90.18,76.06,81.11,114.94,146.17,132.73,160.3
2023-07-17,81.92,54.53,76.74,79.19,114.55,147.16,132.77,159.93
2023-07-18,106.46,98.27,76.01,78.7,120.96,149.79,137.79,162.92
2023-07-19,97.32,84.3,75.23,77.91,122.56,153.98,142.47,168.0
2023-07-20,96.51,88.16,74.81,78.34,124.88,156.46,143.33,168.9
2023-07-21,104.4,97.97,75.72,79.18,122.27,154.91,141.94,168.38
2023-07-24,90.53,89.28,78.14,82.09,124.54,155.25,144.17,167.95
2023-07-25,104.15,104.32,78.29,82.99,130.49,160.21,147.58,170.09
2023-07-26,95.24,91.97,77.67,82.65,124.05,154.25,141.94,167.75
2023-07-27,93.91,95.86,77.48,82.44,123.21,154.23,143.13,166.13
2023-07-28,95.92,94.28,77.6,82.39,115.5,147.06,137.55,162.17
2023-07-31,70.97,74.27,77.61,82.39,117.54,144.68,138.14,162.0
2023-08-02,68.29,58.12,76.53,78.6,112.61,141.44,162.57,159.26
2023-08-03,45.41,44.52,80.25,78.53,113.88,142.13,139.15,161.08
2023-08-09,88.35,81.2,86.74,81.97,123.58,144.65,127.83,161.85
2023-08-11,100.44,80.95,83.59,78.48,118.59,142.68,112.38,159.58
2023-08-14,103.37,94.8,82.63,76.92,119.4,142.95,136.8,157.53
2023-08-15,93.56,77.75,85.65,80.35,126.84,148.5,142.45,162.34
2023-08-16,110.81,107.47,85.76,80.7,126.21,148.01,141.67,161.82
2023-08-17,111.36,109.11,85.4,81.3,125.6,149.45,140.72,162.05
2023-08-18,108.99,104.14,85.58,81.27,125.44,147.27,141.08,160.5
2023-08-21,121.11,114.56,90.87,87.09,131.47,151.23,144.61,164.38
2023-08-22,123.15,114.8,94.38,90.87,136.98,159.74,145.34,164.95
2023-08-23,146.55,140.98,94.76,92.26,128.46,152.13,140.31,160.95
2023-08-24,146.95,143.37,93.2,90.48,115.15,141.02,133.29,156.28
2023-08-25,116.26,117.72,94.12,91.44,116.34,141.09,134.56,158.0
2023-08-28,118.67,127.46,94.35,92.83,122.72,146.28,138.74,161.72
2023-08-29,122.9,131.05,94.32,92.89,118.38,142.46,134.88,157.53
2023-08-30,114.93,114.86,94.32,92.74,120.11,142.43,137.4,158.38
2023-08-31,104.3,103.2,96.98,103.56,115.06,138.37,134.2,156.12
2023-09-01,108.57,107.04,97.68,100.68,113.7,134.36,196.9,155.69
2023-09-05,103.54,100.22,96.12,99.13,109.98,131.38,148.54,152.93
2023-09-06,105.62,102.27,92.81,98.7,103.6,126.36,133.8,149.6
2023-09-08,108.23,107.67,94.96,101.13,107.92,129.16,138.02,147.55
2023-09-11,152.87,151.13,98.29,104.44,109.45,130.83,116.9,147.4
2023-09-13,109.94,109.64,94.22,101.36,113.58,131.27,129.9,148.81
2023-09-14,120.47,120.06,93.88,97.26,110.09,129.25,129.13,147.69
2023-09-15,108.19,105.26,92.92,97.47,109.84,128.91,129.71,147.58
2023-09-18,95.3,92.21,95.3,99.28,106.93,127.6,126.46,145.68
2023-09-19,37.52,37.06,97.89,101.66,109.16,128.22,127.15,144.48
2023-09-20,49.46,50.48,98.77,102.63,107.75,127.76,125.58,144.0
2023-09-21,103.06,118.0,100.3,104.27,110.41,130.0,126.2,143.47
2023-09-22,103.98,104.41,101.88,105.39,111.45,131.16,126.33,144.83
2023-09-25,105.8,131.29,101.08,107.24,116.47,134.77,128.85,147.18
2023-09-26,128.77,125.78,101.03,107.13,110.45,130.95,123.99,143.41
2023-09-27,124.48,127.46,101.35,107.68,108.48,127.63,123.3,142.14
2023-09-28,112.52,120.89,100.91,107.06,122.42,149.06,122.63,141.35
2023-09-29,105.27,101.46,100.72,104.97,121.29,146.81,121.47,140.13
2023-10-02,118.15,125.96,85.57,99.05,117.28,141.7,164.58,137.2
2023-10-03,22.96,6.77,77.87,92.03,113.77,137.59,159.82,133.06
2023-10-05,101.61,113.1,79.05,92.42,114.23,137.87,149.48,133.08
2023-10-10,112.39,117.01,96.13,106.98,135.62,157.6,130.72,147.5
2023-10-11,59.8,58.48,92.16,105.13,131.72,153.57,115.22,144.32
2023-10-13,68.41,58.8,92.08,106.25,144.98,164.42,137.85,152.65
2023-10-16,133.7,146.84,88.44,104.87,135.6,159.76,130.81,148.0
2023-10-17,130.12,135.53,84.24,100.86,134.08,155.11,129.5,145.1
2023-10-18,98.44,100.74,85.87,103.54,137.2,157.49,131.76,146.7
2023-10-19,93.41,127.86,86.63,105.41,136.09,155.27,131.59,145.67
2023-10-20,87.24,108.05,87.55,106.97,136.18,157.13,131.92,148.0
2023-10-23,125.02,136.92,86.95,107.9,135.67,155.72,131.63,147.13
2023-10-24,117.99,131.05,85.97,107.55,130.17,153.0,127.56,144.78
2023-10-25,124.31,138.13,86.57,108.63,126.08,149.57,124.96,142.0
2023-10-26,121.35,137.17,86.05,107.77,126.45,150.97,125.24,142.43
2023-10-27,118.35,130.61,87.87,110.26,126.36,151.8,125.41,143.0
2023-10-30,92.89,126.14,87.38,110.54,126.52,150.73,125.06,142.08
2023-10-31,104.95,120.59,92.23,117.16,117.72,142.97,117.85,134.85
2023-11-01,62.89,68.48,87.01,115.71,115.84,140.55,179.67,133.8
2023-11-07,99.75,112.63,89.0,110.35,113.07,135.94,132.54,131.0
2023-11-08,89.72,99.41,88.94,109.11,111.47,133.28,136.25,128.69
2023-11-09,97.22,110.43,92.25,111.85,116.73,138.2,128.38,132.55
2023-11-10,94.05,109.04,90.22,110.86,114.14,134.54,127.69,130.88
2023-11-13,94.89,106.55,86.15,109.12,115.84,135.6,116.08,131.75
2023-11-14,65.51,89.32,84.94,107.18,116.19,135.06,117.98,133.0
2023-11-15,102.41,115.85,87.17,110.08,114.81,135.72,117.14,133.1
2023-11-16,117.63,138.58,85.17,109.4,111.45,133.46,114.31,130.31
2023-11-17,121.34,132.48,84.4,109.46,108.81,131.77,112.88,129.0
2023-11-20,106.08,123.86,88.97,110.01,109.84,131.01,113.15,128.85
2023-11-21,123.3,139.44,88.94,110.33,106.58,128.19,110.18,126.68
2023-11-22,109.69,120.35,89.12,110.4,107.05,125.81,109.48,124.99
2023-11-23,61.64,78.5,90.39,111.92,110.96,128.48,112.59,127.3
2023-11-24,63.87,85.52,90.73,112.41,110.29,129.1,112.05,126.87
2023-11-27,114.51,129.83,89.97,111.99,105.05,124.17,107.39,122.51
2023-11-28,121.94,150.12,90.72,114.86,103.12,125.01,105.18,121.75
2023-11-29,140.02,169.19,91.12,115.65,100.55,123.24,101.77,117.75
2023-11-30,168.76,217.34,89.69,110.47,101.57,124.5,102.47,118.5
2023-12-01,156.4,198.7,93.91,115.51,104.2,126.34,178.45,119.89
2023-12-04,111.76,126.11,88.71,110.21,98.49,119.69,154.16,115.95
2023-12-05,114.39,128.16,87.27,109.71,94.97,115.69,145.57,112.0
2023-12-06,129.54,154.89,88.05,109.57,96.34,117.79,134.07,113.0
2023-12-07,116.6,133.3,91.05,112.16,99.56,118.98,130.01,114.26
2023-12-12,106.06,121.22,77.29,100.07,87.12,106.42,90.25,105.14
2023-12-13,93.04,103.46,77.19,98.74,89.08,106.49,91.3,105.13
2023-12-14,107.12,125.34,74.23,96.52,87.11,105.18,90.09,103.93
2023-12-15,93.24,100.69,73.62,98.75,84.55,101.5,87.82,101.6
2023-12-18,77.97,91.63,72.29,95.36,87.19,104.1,91.27,103.71
2023-12-19,76.29,86.59,71.23,93.04,82.31,97.5,86.62,99.84
2023-12-20,62.01,70.88,71.69,93.03,86.61,102.73,89.7,102.09
2023-12-21,25.28,29.07,73.33,95.75,90.01,106.29,92.04,104.52
2023-12-22,22.66,34.94,72.36,95.7,91.88,107.52,93.04,105.3
2023-12-27,60.8,75.98,68.22,89.22,95.47,112.3,95.72,108.62
2023-12-28,16.67,28.07,68.28,88.44,79.26,83.52,97.5,109.75
2023-12-29,6.36,8.19,68.52,106.28,77.85,82.18,95.51,108.35
2024-01-02,53.07,74.31,91.62,106.66,74.6,78.46,80.44,103.0
2024-01-03,45.22,65.53,97.72,112.88,77.74,80.27,75.35,106.35
2024-01-08,102.23,112.23,86.38,103.31,73.47,75.63,97.22,102.88
2024-01-10,111.84,124.54,81.53,94.88,70.94,72.78,86.61,100.2
2024-01-15,86.5,95.99,77.61,91.92,67.85,69.4,85.23,95.38
2024-01-16,101.14,116.5,79.05,92.17,66.52,68.1,83.74,94.47
2024-01-17,99.61,118.14,76.74,90.95,63.5,64.88,80.36,90.88
2024-01-18,92.74,102.56,76.9,91.03,63.21,64.73,80.51,91.19
2024-01-19,78.51,86.99,77.16,90.52,63.74,64.88,81.57,91.02
2024-01-22,49.84,63.17,74.99,89.16,60.79,61.48,78.9,88.22
2024-01-23,52.28,69.59,75.43,88.82,61.49,62.56,79.76,89.84
2024-01-24,78.02,93.03,77.12,90.79,65.14,65.86,82.89,92.5
2024-01-25,78.02,93.03,76.51,89.88,61.94,63.21,79.9,90.36
2024-01-26,59.23,58.6,76.33,89.48,62.43,62.8,80.17,89.61
2024-01-29,81.03,93.65,76.46,89.77,61.31,62.95,78.77,88.62
2024-01-30,77.97,81.46,76.57,89.93,64.19,64.2,80.53,89.87
2024-01-31,76.0,82.39,73.75,83.92,66.15,66.52,81.89,91.22
2024-02-01,72.04,80.8,70.01,83.59,64.18,64.25,91.5,90.25
2024-02-02,61.66,66.99,70.33,81.88,64.42,64.5,81.39,91.47
2024-02-05,35.84,44.86,71.32,82.3,61.93,62.7,93.71,89.43
2024-02-07,79.16,93.03,71.29,82.08,61.15,61.65,93.79,88.15
2024-02-08,88.7,98.56,68.9,79.42,60.38,60.67,96.32,87.01
2024-02-09,70.52,78.03,65.4,76.25,58.61,58.91,95.57,84.9
2024-02-13,72.23,76.34,62.03,73.03,55.94,55.93,72.95,83.12
2024-02-14,68.16,73.15,60.63,71.01,55.15,54.91,72.07,81.88
2024-02-15,70.5,75.99,59.69,69.86,55.72,55.72,72.87,83.16
2024-02-16,61.06,63.37,59.29,69.48,54.98,54.83,72.38,82.02
2024-02-19,65.29,73.58,58.22,69.48,52.13,52.3,69.26,79.45
2024-02-20,63.22,65.95,59.95,69.75,53.24,53.36,70.35,80.54
2024-02-21,57.57,64.42,61.02,70.98,53.25,52.58,69.91,80.25
2024-02-22,50.92,66.75,60.45,70.98,51.25,51.55,68.76,78.63
2024-02-23,43.74,55.5,61.34,71.76,51.13,50.9,68.55,78.15
2024-02-26,66.27,70.27,61.29,71.68,53.46,53.5,70.43,79.98
2024-02-27,73.84,80.03,61.21,71.59,54.75,54.23,72.38,82.0
2024-02-28,71.82,77.3,61.34,71.84,58.0,57.35,75.89,85.65
2024-02-29,63.2,67.44,59.45,65.22,55.71,56.07,74.54,84.82
2024-03-01,71.01,75.63,61.27,65.97,56.87,55.72,94.2,84.89
2024-03-04,75.89,79.42,60.77,66.83,58.54,57.06,77.6,86.98
2024-03-05,74.6,79.06,63.12,69.72,61.96,60.95,92.91,89.79
2024-03-06,82.84,87.11,63.45,71.14,59.97,60.03,98.88,88.88
2024-03-07,76.32,76.64,62.37,69.77,58.63,57.62,93.4,88.47
2024-03-13,72.46,76.45,59.37,69.06,53.6,52.59,73.66,83.17
2024-03-14,67.06,69.85,60.07,68.96,55.7,54.24,77.05,85.68
2024-03-15,55.9,58.64,61.43,70.96,56.7,54.74,78.92,87.05
2024-03-18,81.25,87.83,62.11,72.47,59.19,57.74,82.15,90.98
2024-03-19,81.57,80.99,62.83,73.13,58.37,56.66,81.36,90.85
2024-03-20,91.34,91.27,61.72,72.87,57.04,56.49,80.43,90.45
2024-03-21,81.39,83.88,61.84,73.16,54.72,55.38,77.81,87.38
2024-03-22,68.54,70.49,62.23,73.49,56.63,56.25,80.41,89.86
2024-03-25,84.56,90.98,63.57,74.57,59.59,59.25,83.93,93.48
2024-03-26,66.14,58.22,63.18,73.8,55.1,54.81,81.38,91.35
2024-03-27,76.3,80.26,63.59,73.33,67.91,68.8,82.35,92.08
2024-03-28,51.35,39.59,64.7,74.04,66.6,68.47,81.78,91.78
2024-04-03,87.37,93.56,51.42,52.46,60.76,62.81,76.86,87.73
2024-04-04,64.53,66.65,50.52,51.82,62.41,64.25,78.72,89.0
2024-04-09,57.99,47.12,54.6,57.86,70.95,72.31,90.04,94.37
2024-04-10,69.91,76.08,53.37,54.87,69.5,70.95,87.64,93.8
2024-04-15,70.19,57.3,62.13,65.51,78.38,78.9,93.57,103.6
2024-04-16,56.26,62.75,64.74,67.06,84.34,85.26,97.49,107.94
2024-04-17,102.01,98.66,63.31,64.6,79.8,81.77,92.94,103.24
2024-04-18,95.82,89.95,62.91,64.45,81.9,83.84,94.83,105.92
2024-04-19,58.82,57.21,62.78,65.22,77.35,79.49,90.03,102.1
2024-04-22,98.53,95.13,62.18,65.88,74.4,76.31,87.34,97.41
2024-04-23,97.76,92.39,62.82,67.14,72.57,74.39,86.7,96.58
2024-04-24,94.3,91.86,62.8,68.26,73.57,75.3,88.16,97.74
2024-04-25,90.63,85.86,63.12,67.8,75.06,76.32,90.2,99.96
2024-04-26,86.44,81.76,62.92,67.32,72.64,74.16,87.85,97.6
2024-04-29,80.8,69.23,62.36,66.91,70.2,71.41,85.89,95.6
2024-04-30,69.38,55.34,60.42,54.53,73.44,74.45,89.15,99.09
2024-05-02,36.42,26.7,64.83,56.38,78.17,78.32,79.07,103.69
2024-05-03,77.81,77.12,66.2,57.57,77.59,78.83,79.87,103.72
2024-05-06,93.18,89.56,67.77,59.18,80.12,81.5,93.16,104.73
2024-05-07,93.04,89.09,64.69,55.38,78.55,79.0,93.4,103.85
2024-05-08,91.82,86.96,64.55,54.13,78.44,79.2,93.16,104.13
2024-05-09,61.86,29.25,67.04,57.32,79.89,81.0,90.16,104.5
2024-05-13,46.41,33.97,57.13,45.72,74.87,75.1,91.82,101.52
2024-05-14,27.68,2.46,57.54,45.52,75.45,75.62,92.7,102.99
2024-05-15,42.93,26.33,57.64,44.57,74.84,74.91,91.84,102.15
2024-05-16,49.56,31.06,57.86,45.26,75.94,75.96,92.96,102.92
2024-05-17,69.01,59.45,60.01,47.38,77.1,75.13,93.69,103.13
2024-05-20,64.98,32.51,64.76,53.55,80.65,78.36,96.3,106.1
2024-05-21,79.81,73.51,67.58,55.42,84.73,81.75,99.06,108.85
2024-05-22,85.84,81.58,67.47,56.45,86.68,83.19,100.33,110.21
2024-05-23,93.87,82.24,67.36,56.76,86.97,83.72,100.84,110.5
2024-05-24,102.19,98.84,67.67,57.76,85.56,82.58,99.4,108.08
2024-05-27,106.88,101.9,67.07,58.31,87.23,83.86,101.15,110.42
2024-05-28,90.75,79.77,66.88,58.73,84.3,82.49,98.02,108.04
2024-05-29,79.18,75.97,67.37,59.45,84.16,82.3,98.09,107.38
2024-05-30,97.45,86.75,67.21,59.4,85.99,84.1,99.92,109.31
2024-05-31,89.22,85.19,73.4,70.3,83.84,83.01,97.49,107.83
2024-06-03,117.14,106.42,80.0,75.31,87.83,86.02,78.86,109.17
2024-06-05,81.72,69.92,76.24,71.55,80.5,79.83,94.97,103.54
2024-06-06,86.37,59.24,74.87,71.1,80.79,80.04,93.37,103.7
2024-06-13,94.78,77.59,71.0,71.66,82.01,82.09,94.28,104.32
2024-06-14,78.4,75.85,70.34,71.87,80.59,80.73,92.47,102.42
2024-06-17,94.34,77.07,69.03,71.56,77.63,78.23,90.58,100.88
2024-06-18,96.2,82.64,69.95,72.0,78.19,79.05,91.5,101.5
2024-06-19,84.31,66.67,72.04,73.01,80.51,80.58,93.53,103.1
2024-06-20,93.8,83.32,72.63,74.24,78.41,79.11,92.32,102.35
2024-06-21,97.14,97.67,72.7,73.97,76.79,77.87,91.28,101.34
2024-06-24,92.09,67.87,72.53,74.08,75.96,76.15,90.41,100.65
2024-06-25,75.6,49.86,86.69,79.78,78.26,79.01,91.37,101.65
2024-06-26,492.04,189.45,85.68,77.81,76.51,78.57,89.46,100.14
2024-06-27,91.79,69.77,85.7,77.26,92.2,112.75,90.34,100.54
2024-06-28,63.05,22.35,85.86,71.52,92.87,113.1,91.27,101.21
2024-07-02,85.68,79.21,74.79,67.01,95.36,116.58,78.05,103.47
2024-07-03,87.62,85.22,72.99,65.91,94.39,115.15,78.24,103.43
2024-07-05,36.99,19.42,71.33,66.0,94.39,114.83,93.53,103.41
2024-07-08,88.42,65.12,69.77,64.09,92.56,113.39,96.11,102.26
2024-07-10,79.01,70.08,66.79,62.55,88.47,109.49,86.52,100.17
2024-07-15,77.67,53.69,62.56,57.99,87.99,107.62,88.09,98.48
2024-07-16,50.3,24.32,63.65,58.59,89.84,109.09,89.27,99.67
2024-07-17,76.38,54.32,62.79,57.57,87.52,106.83,87.84,97.95
2024-07-18,90.74,68.08,64.56,58.59,88.16,107.12,88.07,98.23
2024-07-19,85.9,68.49,65.76,59.31,87.8,106.54,87.76,98.33
2024-07-22,91.23,67.5,66.9,59.44,87.03,105.83,86.76,96.71
2024-07-23,79.51,67.73,67.2,59.54,87.55,105.9,87.42,96.83
2024-07-24,65.86,37.69,68.29,60.21,90.99,109.25,90.07,99.27
2024-07-25,79.28,57.82,68.05,60.71,88.86,107.78,88.84,97.81
2024-07-26,90.95,83.15,68.31,60.52,90.67,109.09,90.7,99.38
2024-07-29,71.62,39.0,67.88,59.04,92.7,110.76,92.58,101.19
2024-07-30,77.24,48.22,67.7,58.77,93.0,110.77,92.68,101.08
2024-07-31,79.4,56.88,75.69,68.17,94.92,112.98,94.38,102.81
2024-08-01,94.87,82.21,77.32,69.74,98.3,116.66,89.39,105.34
2024-08-02,93.81,83.36,76.45,68.62,98.01,116.35,76.63,105.65
2024-08-05,99.86,79.98,73.52,65.84,94.46,112.43,93.55,103.19
2024-08-07,92.91,79.07,76.03,66.67,98.3,116.1,91.53,104.92
2024-08-08,93.15,77.31,75.92,65.38,100.57,118.51,97.66,106.6
2024-08-13,99.74,86.55,83.79,71.44,101.36,120.09,98.47,108.0
2024-08-14,108.01,97.3,85.25,74.15,101.26,120.17,98.67,108.02
2024-08-15,85.53,56.03,85.34,73.69,102.33,120.74,99.58,108.74
2024-08-16,108.04,93.08,84.86,73.28,102.64,122.15,100.35,110.36
2024-08-19,108.2,104.24,86.34,74.03,102.8,122.12,100.04,109.56
2024-08-20,92.11,78.33,84.9,71.76,99.33,119.51,97.72,107.28
2024-08-21,52.62,18.63,84.73,70.87,96.74,116.9,96.03,105.58
2024-08-22,63.04,34.93,83.23,70.68,95.98,116.21,95.54,104.81
2024-08-23,39.13,11.06,82.09,70.18,96.0,115.98,95.62,105.11
2024-08-26,99.59,85.11,82.04,70.19,96.82,116.7,96.28,105.88
2024-08-27,90.9,69.2,82.45,70.6,98.47,118.42,97.45,106.87
2024-08-28,95.92,81.31,82.3,70.83,97.69,118.41,96.99,106.37
2024-08-29,112.91,99.99,82.07,70.81,96.9,117.26,96.52,105.63
2024-08-30,106.64,102.27,82.05,95.48,97.35,117.65,96.72,105.71
2024-09-02,115.07,115.5,92.3,101.22,95.57,116.55,74.61,104.85
2024-09-04,125.84,129.2,86.0,95.03,89.33,110.38,84.56,98.71
2024-09-05,64.42,38.94,86.57,96.02,89.06,109.93,95.1,99.07
2024-09-09,99.73,104.19,90.43,97.4,90.59,111.49,90.71,99.21
2024-09-10,59.04,39.95,87.9,95.6,86.49,107.32,84.74,96.79
2024-09-13,90.81,91.82,83.92,90.88,84.15,105.25,86.2,94.72
2024-09-16,53.83,40.59,80.52,86.92,80.69,102.44,83.73,93.15
2024-09-17,88.89,84.19,81.22,87.24,84.13,105.29,86.5,95.65
2024-09-18,77.98,62.31,79.87,85.6,83.08,104.37,86.05,95.26
2024-09-19,77.87,63.43,78.48,84.13,79.55,101.15,82.28,91.74
2024-09-20,73.37,56.64,79.77,85.2,81.63,103.14,83.8,93.34
2024-09-23,121.36,129.69,81.96,86.24,82.98,103.51,84.71,93.55
2024-09-24,91.77,93.47,81.03,85.57,81.95,102.76,83.89,93.19
2024-09-25,75.14,79.0,80.02,83.75,85.62,105.73,86.4,95.45
2024-09-26,55.0,50.73,79.48,83.51,86.42,106.52,87.45,96.78
2024-09-27,14.76,15.45,79.07,83.24,95.62,116.18,87.69,96.98
2024-09-30,33.32,41.88,78.31,82.47,94.46,115.12,87.22,96.46
2024-10-01,67.84,89.33,78.71,94.37,93.98,114.55,87.96,95.16
2024-10-04,96.13,102.01,76.0,90.12,95.48,115.71,83.88,96.02
2024-10-07,83.72,102.64,78.56,92.66,94.14,114.71,88.9,95.46
2024-10-09,83.07,88.04,78.23,91.9,91.23,112.12,87.51,93.85
2024-10-10,59.73,57.9,78.3,94.33,95.3,115.83,88.08,96.59
2024-10-14,105.59,132.7,77.95,94.54,98.31,118.48,90.12,98.7
2024-10-15,95.0,101.35,76.81,93.94,96.73,115.37,88.68,96.6
2024-10-16,35.08,40.56,75.29,93.19,93.89,112.88,86.51,94.72
2024-10-17,71.52,89.41,77.34,95.37,94.56,113.24,86.79,94.77
2024-10-18,102.27,111.48,77.54,95.6,92.81,111.82,85.73,94.05
2024-10-21,83.04,116.43,79.01,97.22,93.19,112.7,86.06,94.28
2024-10-22,103.01,107.89,80.72,99.14,94.46,114.23,87.24,95.28
2024-10-23,112.0,124.05,83.81,101.39,97.32,117.0,89.03,97.35
2024-10-24,101.68,110.47,85.82,103.86,99.36,119.19,90.81,99.23
2024-10-25,112.72,125.42,85.79,104.36,101.24,120.51,92.3,100.04
2024-10-28,111.35,119.27,86.42,105.69,99.29,118.73,90.66,98.52
2024-10-29,141.18,167.15,86.09,105.18,100.14,120.49,90.99,99.35
2024-10-30,124.69,136.76,86.1,104.79,96.56,116.67,88.1,96.15
2024-10-31,105.79,112.56,96.12,120.75,94.96,115.22,87.26,95.28
